date,title,read_count
2025-12-11,我发现只要下跌中你买也好卖也好都要跌，除了清仓不玩,302
2025-12-11,买也是跌卖也是跌，感觉整个大盘最高点都在往下移,170
2025-12-11,基民7X29089V68,190
2025-12-11,基民7X29089V68,252
2025-12-11,基民7X29089V68,170
2025-12-11,股友i5253931z0,200
2025-12-11,基民7X29089V68,180
2025-12-11,股友i5253931z0,180
2025-12-11,股友i5253931z0,90
2025-12-11,基民7X29089V68,130
2025-12-11,如我所料这个股就是小杂毛,110
2025-12-11,基民7X29089V68,311
2025-12-11,股友i5253931z0,130
2025-12-11,基民7X29089V68,190
2025-12-11,基民7X29089V68,180
2025-12-11,基民7X29089V68,170
2025-12-11,基民7X29089V68,693
2025-12-10,基民7X29089V68,541
2025-12-10,买入的散户越来越多了下午坑杀,571
2025-12-10,基民7X29089V68,411
2025-12-10,又要拐头向下了，，这一天天的,300
2025-12-09,基民7X29089V68,461
2025-12-09,股友i5253931z0,1366
2025-12-09,前面拉高吸引散户明天直接按水下,530
2025-12-09,明天直接按水下不起来通杀,450
2025-12-09,机器人半导体Al军工航天，挣发了什么时候轮到消费还是永远都轮不到了,250
2025-12-09,股友i5253931z0,500
2025-12-09,股友i5253931z0,530
2025-12-09,基民7X29089V68,210
2025-12-09,我都说大盘涨了九阳大跌，大盘跌了九阳不一定涨,210
2025-12-09,基民7X29089V68,270
2025-12-09,基民7X29089V68,190
2025-12-09,基民7X29089V68,240
2025-12-09,股友i5253931z0,290
2025-12-09,股友i5253931z0,250
2025-12-09,股友m886006o82,531
2025-12-08,九阳股份：连续3日融资净买入累计1545.2万元（12-08）,770
2025-12-09,一路长红发发发v,450
2025-12-09,明天大盘往下走。九阳股份大概率要继续低开迅速下杀。,1002
2025-12-09,今天是大盘起来，九阳股份没有大跌，明天必须回到10.27元，回踩下面缺口，今天尾,2061
2025-12-09,12.2元成本啥时候回来啊还我的血汗钱,85212
2025-12-09,有没有发现今天大盘加速上涨，他下跌，尾盘，大盘微微下跌，他涨了一点点。这就是大盘,1072
2025-12-09,刚买几天的九阳电器被我退了，心情太差了,431
2025-12-09,看看美的，一百亿回购已完成，和美的差多了,600
2025-12-08,刚看了下，主力还有1265万的货没出完。,420
2025-12-08,基民TsnY02,600
2025-12-08,九阳属于消费，这两天科技强，九阳肯定弱,842
2025-12-08,1.90加了点，近期SN不仅在美欧，在澳洲，日韩销量同样暴增，单一电商平台多款爆,39331
2025-12-08,今天看起来止跌了大神说一下可以抄底了吗踏空了别的涨太多不敢买就这个在跌,872
2025-12-08,我要练九阳神功，不要9Y争茎。,530
2025-12-08,我要练九阳神功，不要9阴争茎。,330
2025-12-08,基民7X29089V68,321
2025-12-08,从汇通集团跑过来的，感觉自己赚了,813
2025-12-08,还不错，历史情况下按照今天的盘面应该收在10.65。进步了,370
2025-12-08,5日线都站不上，太弱了，，，就剩小散户了，，，主力货都出完了吗？有高手指点下,4505
2025-12-08,恭喜万贯de妲己,592
2025-12-08,大盘不好的时候他就红一下吸引人气进来，大盘好的时候他就配合大盘出货,550
2025-12-08,为什么要买它？你们是不喜欢红色的股票吗？,560
2025-12-08,股票又不是以每天高位计算，我人头担保，1月份高位攻上13元高位，,992
2025-12-08,九阳股份:九阳股份2025年第三次临时股东会法律意见书,1982
2025-12-08,九牧才是王，九阳不能比。,440
2025-12-08,勇敢的翻倍师傅,530
2025-12-08,等吧，慢慢等，1月份到不了13元，我人头落地给大家当球踢。,631
2025-12-08,raychard,740
2025-12-08,股友66Y27t6318,530
2025-12-08,外面形势好涨2个点这里亏1个点，一来一回差3个点,290
2025-12-08,这b不会要做个w底再上吧！,642
2025-12-08,九阳孙公司深思考有上市的准备。,530
2025-12-08,乌鸡就是乌鸡不可能变凤凰的,510
2025-12-08,恭喜万贯de妲己,410
2025-12-08,沉着冷静的尹瑶潼,440
2025-12-08,最恶心的是大多数人在挣钱自己还在亏钱,190
2025-12-08,大盘大涨轮不到九阳了，好多都是避险跑过来的，结果两头挨打,270
2025-12-08,都在搞通讯，航天，卫星。没有人买小家电。快跑路吧！,612
2025-12-08,我缺了多大的德呀，让我买了这这，,390
2025-12-08,兄弟们好，，都能挺住吧，，，实在挺不住了就躺平吧，，，,541
2025-12-08,我不明白天天阴跌要干什么,410
2025-12-08,股友i5253931z0,310
2025-12-08,来个涨停吧11.79,420
2025-12-08,这个股最垃圾，不能买,501
2025-12-08,还要跌，不能进,471
2025-12-08,基民7X29089V68,220
2025-12-08,forth_forth8036,591
2025-12-08,股友59616DV132,490
2025-12-05,九阳股份：融资净买入421.79万元，融资余额1.43亿元（12-05）,690
2025-12-08,看月线最低点2块到42块，前期涨的太猛后期乏力不会涨了，再说小家电跟房地产关联度,862
2025-12-08,基民7X29089V68,713
2025-12-08,forth_forth8036,620
2025-12-07,哈基咪哈基咪,871
2025-12-07,大家团结起来每天都抛一百股恶心死他们,2584
2025-12-07,九阳股份本周融资净买入65.65万元，居家电行业板块第十九,750
2025-12-07,我来了20161,640
2025-12-07,欢乐的梅莉萍1,660
2025-12-07,我们要反着来下跌就减仓就一百股恶心死他，反正不加仓反正也是烂股一枚,1190
2025-12-07,前几天九阳使诈，外面股票跌他故意涨一点点以最低付出吸收外面散户加仓，等真的大盘大,850
2025-12-07,小家电和房地产挂钩的，房地产不行小家电也完球,612
2025-12-07,下星期别的股狂涨，就小家电九阳下跌,490
2025-12-06,这货从42元一路下跌6年多，应该反转启动了吧！,1704
2025-12-06,基民7X29089V68,370
2025-12-06,基民7X29089V68,955
2025-12-06,股友iK71977770,752
2025-12-06,上面8亿的都不怕，你们慌什么？,2315
2025-12-05,哈基咪豆浆机,1202
2025-12-05,拉两天，不够一天跌的，太弱了，这么好的行情你板块垫底。走人,721
2025-12-05,最后1700股10.7卖掉了，不玩了，这股吃独食不好玩，兄弟们安好,1234
2025-12-05,这票没什么接力走不强,781
2025-12-05,股友0921IE9398,601
2025-12-05,前面二个涨停还没被骗怕吗,431
2025-12-05,今年世界杯不喝啤酒改喝豆浆，所以看好九阳,872
2025-12-05,啊你自已慢慢玩,1161
2025-12-05,成交量还行，低于一亿就慢慢不行了,852
2025-12-05,股友i5253931z0,651
2025-12-05,主力出货了，承接都没有，都是大单卖,711
2025-12-05,尾盘我来偷袭,622
2025-12-05,两个涨停，跌三周，大盘上涨，它水下，什么玩意,651
2025-12-05,主力，尼真坏，4个票就选到你你，无语死了,3252
2025-12-05,就你不知道害臊，大家都红色一片,520
2025-12-05,早日开上帕拉梅拉,572
2025-12-05,继续跌，老子再补点，曹米娜的不给肉吃就不走,721
2025-12-05,看到这么多散户还往里买我就放心了，继续跌等机会,621
2025-12-05,太阳电缆，海欣食品，人家这些股都能成功反包。就你最烂。主力没那实力当初干嘛要拉？,610
2025-12-05,大家难受了就卖掉一百股或二百股,380
2025-12-05,不想九阳二阳就砸盘可恶。,621
2025-12-05,小松比九阳强太多了九上还套了一群小散，每次上涨就想下套。,552
2025-12-05,你们周末可以砸家里九的电器了,420
2025-12-05,九阳大盘红了你不阳,590
2025-12-05,快4千家股票涨了，好一招声东击西啊,360
2025-12-05,要想/股票涨每个散户割个一百股二百股的,260
2025-12-05,我是真心希望他能跌停,500
2025-12-05,现在拉上来下午肯定跌下去,220
2025-12-05,又是坑，亏了三百。拉夸啊。11文直接10.7开局。跑得早，不然又要挂,863
2025-12-05,股友757M93207l,540
2025-12-05,基民7X29089V68,180
2025-12-05,基民7X29089V68,301
2025-12-05,然后你们被套死在阴跌股里,260
2025-12-05,你们知道什么感想吗,1851
2025-12-05,就涨了两个板跌了3周，真绝,520
2025-12-05,外面涨疯了今天跌的这么猛后期涨势遭到重创,250
2025-12-05,股友t2l6373602,541
2025-12-05,这股等明年中间抄羊年了别的时间不会走。,580
2025-12-05,10.74买的，不让解套就不走了，哈基米南北绿豆,96210
2025-12-05,昨天有朋友问，这里算是退潮期吗？我觉得是混沌期，就算是退潮，也是渐进式的退，否则,14772
2025-12-05,今天别的股大涨就这个股会大跌，出来玩总要还的,190
2025-12-05,DeepSky,470
2025-12-05,九牧王都跌停了，你在这撑个毛线，没有利好支撑你的上涨，大家能卖的赶紧卖,1743
2025-12-05,一年都没有涨，是里面没有主力吗？,430
2025-12-05,恶庄张2天1天砸玩,200
2025-12-05,山东板块，不看好,540
2025-12-05,c5147691425477312,530
2025-12-05,一阴跌破三天跌阳线。怎么买？,530
2025-12-05,股友757M93207l,520
2025-12-05,九阳真是费5，赶紧下来补缺吧，磨磨蹭蹭的，改名阳尾股份得了,470
2025-12-05,招财旺小旺,450
2025-12-05,就这战斗力？笑死,722
2025-12-05,我去，砸这么狠的吗？昨天感觉就不好，托单向上买，太怪了，减了点，感觉九阳还是以前,580
2025-12-05,这是什么意思。涨点就这样,490
2025-12-05,基民7X29089V68,180
2025-12-05,这个昨天还好没追,510
2025-12-05,还好昨天没进来，清仓了就不回头正解,200
2025-12-05,股友16d68C7100,550
2025-12-05,基民7X29089V68,290
2025-12-05,昨天拉尾盘了会大涨吗？还是大跌？,240
2025-12-05,小松电器龙头,270
2025-12-05,基民7X29089V68,280
2025-12-05,这票有跨年大妖资质就看资金有没有合力了最好等大盘情绪最差的时候拉板12月20号,1232
2025-12-05,基民7X29089V68,250
2025-12-05,基民7X29089V68,240
2025-12-05,历史最高价42块,500
2025-12-04,九阳股份：融资净买入700.82万元，融资余额1.39亿元（12-04）,891
2025-12-05,柏连夜叔,6975
2025-12-05,13都没有问题你涨吧,55013
2025-12-05,太空厨房，太空电饭煲，航天炒的那么热，不得来一波，香飘飘都能涨停，这个太空厨房不,3664
2025-12-05,我清仓你就涨，我不相信你今天还涨,260
2025-12-05,股友179uq25801,530
2025-12-05,这股是不是要飞了,1092
2025-12-04,一进来就两连板跑了，现在果然还没涨回来,760
2025-12-04,下午我尽量把分析的时间靠后了，就是想看看指数到底会不会下去，至少到目前为止还能维,22533
2025-12-04,摩尔线程万众瞩目，但是科创板接力(缺陷)，明天如果突然大顶开盘价，进入就是死局很,18993
2025-12-04,分时线已破，散户要逐步离场了,982
2025-12-04,九阳真经看来要准备冲关了连续九连阳哈,790
2025-12-04,九阳神功你懂的,700
2025-12-04,相信哈基米哈哈哈,710
2025-12-04,尾盘走强，加仓了,921
2025-12-04,股友p6385Y9726,620
2025-12-04,做长看短，投资还是投机,19970
2025-12-04,开启跳水，自此改名九阴股份,882
2025-12-04,雄起一下行不行压根没啥抛压几千万就拉上去了,821
2025-12-04,要大跌了，能走的赶紧走,680
2025-12-04,面临重度套牢区域,861
2025-12-04,九阳不可能，九阴股份差不多，九连阴。,630
2025-12-04,不少朋友问我，早盘这算双冰吗？当然算了，早盘一度4500家下跌，高标全部断板，这,3600
2025-12-04,不封板都不能跟，只有封板我才买，要买就买最强势的，不能封板都是弱势,1374
2025-12-04,我能把12月份高位精确到11.9元，不要怀疑我的技术,1585
2025-12-04,九阳神功。豆浆机王者风范,631
2025-12-04,选股抓涨停小能手,691
2025-12-04,难道刚才咱们说的被听到了，说不到3850更好一些，结果最低3859就开启了反弹，,5572
2025-12-04,股友t2l6373602,67213
2025-12-04,九阳有太空食堂，，别错过。,632
2025-12-04,哈基米要回来了吗,702
2025-12-04,谁伴天涯761009,510
2025-12-04,引领大盘冲击4000点,490
2025-12-04,哈基米难被绿多啊,480
2025-12-04,明天肯定跌我就算空仓也不会进来的,500
2025-12-04,之前没有买过这个股，我觉得也不是很差，怎么这么多人骂,530
2025-12-04,要拐头阴跌了,490
2025-12-04,另外的贵州百灵完蛋了，靠你回点吧,592
2025-12-04,果然还是冰点啊，正因为如此逼的市场去了两个方向：一个是高位抱团，首先就是小群总带,4920
2025-12-04,基民7X29089V68,390
2025-12-04,基民7X29089V68,360
2025-12-04,大家不安慰一下我发个红包什么的,190
2025-12-04,气人我清仓就清仓年后买别的科技股了。,250
2025-12-04,还是九阳这里，阳光明媚惬意迷人,642
2025-12-04,突然发现，A股确实是被操纵的，股票过剩，股票数量是美国的7成，但是市值是美股的1,690
2025-12-04,Fixer77777,470
2025-12-04,昨天算是个比较正宗的情绪冰点，不过才一冰点，按照之前的特征看双冰才足够有吸引力，,5161
2025-12-04,大盘大跌九阳风景独好,450
2025-12-04,量价背离明天就下来了,430
2025-12-04,开始量化收割了，,380
2025-12-04,股友8gf6237778,410
2025-12-04,基民7X29089V68,240
2025-12-04,率真de爱莱塔,430
2025-12-04,高开必须跑,300
2025-12-04,正常九阳要和爱仕达股价相当九阳落后百分二十左右,340
2025-12-04,九阳股份复盘记录一阳穿三线,4611
2025-12-03,九阳股份：连续3日融资净偿还累计635.17万元（12-03）,580
2025-12-04,诱多我宁可空仓也不上你的当,522
2025-12-04,错过第一波，第二波来了吗,700
2025-12-04,欢乐的梅莉萍1,660
2025-12-04,我来了20161,480
2025-12-03,今天算不算是情绪冰点，当然算，连板高标金富直接天地板，本轮二波核心的合富平潭也都,8760
2025-12-03,哈基米南北绿豆集合曼波冲锋～,650
2025-12-03,洗洗睡吧，明天百分之一百零一的涨！,590
2025-12-03,今天冲高，已经全部抛了，见好就收,862
2025-12-03,你也是商业航天概念股吧！香飘飘都涨停了！,3960
2025-12-03,趋势还好，明天估计小幅波动,630
2025-12-03,明天补跌？我也不太懂？,991
2025-12-03,11.14早盘：把双杰电气忘S了？这波“失误”反倒悟透大道理,1
2025-12-03,按惯性，明天一根绿柱子,700
2025-12-03,所有K线走势注定下周二攻上11.66元。不要怀疑我的技术。,1663
2025-12-03,大盘不好，看来明天要补跌了。,750
2025-12-03,倒是还有几分姿色,650
2025-12-03,唱多的来了明天铁定一锅端,540
2025-12-03,该弱不弱就是强，尾盘站上均线更加强,640
2025-12-03,主力这点实力非要在这天拉升，还把自己套了,781
2025-12-03,能看的出来，午后资金还是有维护五日线的想法，虽然下跌家数还是3600多，但是指数,8692
2025-12-03,今天滑滑梯，，，明天一锅闷，，，,640
2025-12-03,明天要把追高的一网打尽了参考前面。昨天清仓今天没买进去，空仓过年了祝大家发财了,540
2025-12-03,这里的阳气很足，九阳神功果然厉害,590
2025-12-03,上周我是不是说攻11元这么周高，周五见,710
2025-12-03,别买，让高手埋自己,640
2025-12-03,高手可以在这里做T了，，这里就是,851
2025-12-03,上午市场有点想走趋势和情绪剪刀差模式，也就是说上午先是趋势流走势很强，易中天都是,6701
2025-12-03,贡献点业绩，放我出去。,3222
2025-12-03,冲高必须回落，，这个位置还要反复折腾，，不排除后面还有一个跌停，，,711
2025-12-03,别啊我追高进来的，你给点力啊你个,802
2025-12-03,成也哈基米败也哈基米,710
2025-12-03,15元套了三年了，都麻了,112315
2025-12-03,这走都背离你慢慢玩。做高抛,660
2025-12-03,今天情绪确实有点惨，昨晚被监管的四家中赛微跌13%和梦天10%，平潭还好只跌了2,3460
2025-12-03,上不去，清仓了,640
2025-12-03,解放军来了，冲啊,670
2025-12-03,股友i5253931z0,690
2025-12-03,早盘走的跟昨晚预计的基本一致，连续两天易中天都在逆势，昨天那种环境下尾盘都能收红,7505
2025-12-03,已跑，确定大盘C浪下杀再本星期开始，位置最少3700。,3514
2025-12-03,我的200股,590
2025-12-03,股友们可以捡皮夹子了。吃肉肉了。,802
2025-12-03,股友8gf6237778,570
2025-12-03,10.44收盘数字不吉利，明天必死。,114310
2025-12-03,按照九阳和家电板块的走势，如果不降息，那只有家电消费板块能撑住,610
2025-12-03,五年了，有熬过五年的吗,2275
2025-12-03,小心套狼，高开低走,500
2025-12-03,真正的商业航天概念,1033
2025-12-02,九阳股份：融资净偿还530.5万元，融资余额1.32亿元（12-02）,710
2025-12-02,我来了20161,710
2025-12-02,forth_forth8036,620
2025-12-02,爱仕达都涨了，你,700
2025-12-02,产品说明一切！买了两件，那个电器都坏掉。一个电压力锅，用了不到一年，坏掉了。嗯，,820
2025-12-02,明天涨停，立册为证,931
2025-12-02,raychard,730
2025-12-02,跌了整整五年，一坨shi,740
2025-12-02,练成九阳神功指日可待,660
2025-12-02,大家别进，没有哈基，九阳多次说过。,740
2025-12-02,九阳说了没有哈基米。,760
2025-12-02,到10.5就回头，过不去的。,230
2025-12-02,今天牛B居然红盘。,260
2025-12-02,上午卖，就差我这200股,740
2025-12-02,基民7X29089V68,721
2025-12-02,46有那么难吗？，，，如果太难你暴跌也行啊，不要这样反复蹂躏了，，，,58046
2025-12-02,太空厨房概念,640
2025-12-02,航天厨房提供者不该给个涨停吗,670
2025-12-02,缺爹的玩意，连续阴跌了五年，从40多元跌到十元。任何买了九阳的都会血本无归,810
2025-12-02,眼看要补切了，又w上去，九阳你到底想干什么。,391
2025-12-02,大盘要回调了，你开始表演了，大家别上当,851
2025-12-02,没用了，20日线都破了，趋势都坏了,751
2025-12-02,九阳没有第二波，都散了吧。平潭，合富，海峡，那才是龙头，它们都有第二波，还会有新,781
2025-12-02,没事了兄弟们我已经跑了大家可以放心买了,2051
2025-12-02,九阳神功大成之日就是称霸武林之时,461
2025-12-02,大盘要回调了，你开始表演了，大家别上当,650
2025-12-02,这种票永远别碰，庄加量化，谁碰谁死,1633
2025-12-02,九阳正常价格要和爱仕达差不多的,350
2025-12-02,股友118Z6C5032,620
2025-12-02,一分钱玩一天。。,430
2025-12-02,我在等补切口，补就建底仓。,270
2025-12-02,推动供需更高水平动态平衡,9431
2025-12-02,凡持有九阳股份一年以内的，每个股东送九阳豆浆机一台,831
2025-12-01,九阳股份：融资净偿还96.94万元，融资余额1.37亿元（12-01）,900
2025-12-02,raychard,721
2025-12-02,基民7X29089V68,630
2025-12-01,为什么有些股票跌下去马上又创新高有些股票要阴跌到几个月甚至还要往下走，真搞不懂难,861
2025-12-01,啊，九阳大哥，九阳大哥，你看看这个是怎么回事？能学点吗？,4081
2025-12-01,吃肉轮不到等过段时间大跌时又雨露均沾都轮到了，不抱希望了今天处理了一点明天再处理,581
2025-12-01,这股票是我这二个月买的最差的一支股票，也是唯一一支看走眼的股票。10.4买，10,1594
2025-12-01,基民7X29089V68,470
2025-12-01,他本来就是个死股，只不过恰好牛了两天而已，现在属于回归死股本性了,760
2025-12-01,兄弟们快点买进呀，马上涨停,750
2025-12-01,天天涨好阿5626,720
2025-12-01,股友i5253931z0,1554
2025-12-01,太拉胯了,730
2025-12-01,基民7X29089V68,260
2025-12-01,股东购买九阳豆浆机六折,821
2025-12-01,买错了不应该买它,650
2025-12-01,买了两台织布机。。，，，,610
2025-12-01,还哈不哈，一群,640
2025-12-01,生意大展的春野樱,600
2025-12-01,每天水下织网,610
2025-12-01,下来补切口是大概利，弱股有切必补。,340
2025-12-01,没站稳10.5不要买，要吗下来补切口。,370
2025-12-01,上星期5拉上去了今天要跌下去了,290
2025-12-01,股友365e782V52,682
2025-12-01,基民7X29089V68,230
2025-12-01,这股滚一边去吧,490
2025-12-01,主力如果能看到，拉个涨停吧。11月亏太多了，天天拼好饭。如果可以我不会再骂了,1423
2025-12-01,大盘放量，但是九阳缩量严重，是说明没资金这里进场？,620
2025-12-01,股友122RC97317,600
2025-12-01,恶庄家玩老本行了，大数据量化、无死角监控，打压越高只能12元。,590
2025-12-01,基民7X29089V68,230
2025-12-01,股友18Ck959932,540
2025-11-28,九阳股份：融资净买入95.89万元，融资余额1.38亿元（11-28）,760
2025-11-30,长期投资九阳，谁知道他的质量竟然如此，怪不得股价滑落不休，几百元买的破壁机只用了,1171
2025-11-30,听说董事长练成了九阳神功，是不是真的？,1293
2025-11-30,002242股票分析重点简报报告日期：2025年11月24日分析周期：2025年,2661002242
2025-11-30,哈哈，都是被哈基米套牢的,831
2025-11-30,九阳股份本周融资净偿还1325.72万元，居家电行业板块第十二,710
2025-11-30,看下星期九阳股份是否被打回原形,420
2025-11-30,[图片],4506
2025-11-30,重磅，太空厨房解决方案及设备独家供应商,2881
2025-11-30,除了莱克电气，其它小家电都是渣子,760
2025-11-29,为了股票能涨，特意买了九阳豆浆机一个,941
2025-11-29,我也不知道要持股多久，但是真的是挂山顶了，躺平了。今天只有去买九阳豆浆一箱来支持,970
2025-11-29,评论区的韭菜们上套了吧，蹭热度的烂公司，最少套到明年，愚蠢的傻小登们,971
2025-11-29,峨眉山持股500免门票和索道，酒店3折，九阳能不能推持100股九阳买九阳产品打折,971
2025-11-29,正在搭建跳水平台,911
2025-11-29,任何告诉你什么时候能涨了的都是假的，拉高抛掉一百股才是王道,390
2025-11-29,九阳股份是个交易日了还有三个交易日低吸建仓。,790
2025-11-28,人生不过一梦黄粱,972
2025-11-28,上次带言哈基米的乔大王发布了长安的深蓝广告,1762
2025-11-28,这个股今天伤害性不大，侮辱性极高。,701
2025-11-28,大家每天拉高割一百股，也吃不了亏，公司不作为只能自救了,683
2025-11-28,请问贵公司与杭州九阳豆业有限公司有没有业务上的合作？,1812
2025-11-28,公司是否收购公司,1441
2025-11-28,公司在台湾订单业绩如何？,1310
2025-11-28,一买就跌一卖就涨大家伙团结起来每天抛一百股自救,511
2025-11-28,这种老赖股拉高就得跑一点点,423
2025-11-28,请问神舟二十一号飞船太空烹饪神器是不是公司制造的。,990
2025-11-28,近期日本首相某错误言论或引起日本电器品牌被国内消费者抵制，按照历史经验，或能持续,960
2025-11-28,基民7X29089V68,250
2025-11-28,在我家二胎上幼儿园的时候，我就买了九阳的学生电热锅给小孩做早餐用，蒸玉米红薯鸡蛋,980
2025-11-28,我家二胎小的上幼儿园的就只花50多块了买了九阳的学生电热锅锅，经常给小孩做早餐，,540
2025-11-28,公司有没有自己电商店铺,320
2025-11-28,请问公司是否有注册在福建当地的分公司？,320
2025-11-28,公司有没有合作五星铁锅,310
2025-11-28,你好，了解到贵司是富有社会责任的公司。请问贵司从事公益事业有多少年了？可否简要概,730
2025-11-28,你好，观察到贵司与众多学校、公司单位有合作研究，请问贵司及关联企业在AI、机器人,430
2025-11-28,你好，请问贵司副董事长韩润女士是否在九阳豆业担任董事？如果是，请问还有其他高管在,350
2025-11-28,你好，尊敬的董秘，了解到贵司的太空系列产品，请问贵司及关联企业是否与我国军工领域,430
2025-11-28,你好，请问贵司及关联企业是否有与我国军工相关单位有合作和研究？是否曾涉及军民融合,210
2025-11-28,贵公司何时开发与哈基米相关的小家电?是否已有相关计划?,260
2025-11-28,2023年，九阳股份将豆浆业务进行了剥离，专注小家电领域，但本质是左手倒右手，本,570
2025-11-28,请问贵司与持有“九阳豆浆”品牌的杭州九阳豆业有限公司是否有任何关系？,190
2025-11-28,你们究竟是怎么想出来这么牛的策划的？这次准备甩其他公司几条街？后续还会有其他更接,390
2025-11-28,董秘您好，哈基米南北绿豆爆火，建议出几款哈基米南北绿豆浆机,250
2025-11-28,请问贵公司有没有应用于大规模生产豆浆的产品？,190
2025-11-28,收红盘，下周就大涨,821
2025-11-28,分批减仓永不加仓，这个股看不到尽头，公司从来不出来发布利好，两个涨停就马上跳出不,420
2025-11-28,没想到，真没想到，，居然能单红。,760
2025-11-28,太空烤箱也炒不起来了哈哈，横盘整理了一下看方向如何,771
2025-11-28,还差二阴,550
2025-11-28,先跟大家说一下，12月份高位只能12元。月阳里面走。,832
2025-11-28,分批减仓永不加仓，这个股看不到希望，好好两个涨停就马上跳出来说不能涨是误会。,280
2025-11-28,真垃圾啊,650
2025-11-28,明天涨停了，今天卖的要在厕所里哭了,2908
2025-11-28,拉高就抛一百股，人多力量大，柴多火焰高。,230
2025-11-28,每一次反弹在为大涨做准备，你涨没有跌一大坨,240
2025-11-28,这个傻股耗尽了一天好行情,240
2025-11-28,今天已经很坚强了，了不起，给你10000个赞,601
2025-11-28,基民7X29089V68,220
2025-11-28,卖在人声鼎沸处o,530
2025-11-28,再跌10个点，我买入，，，，,520
2025-11-28,股友122RC97317,520
2025-11-28,这个货总能走出你想象中最弱的走势,520
2025-11-28,平台搭建是为了跳水，第一位置9.8以下。第二位置9.2,540
2025-11-28,下周只能攻11元。先跟兄弟们说一下，12月份高位只能12元。月阳里面走。因为11,761
2025-11-28,大家拉高抛掉一百股，一卖就涨一买就跌，散户太多只能自救，只要散户不断来这个股没希,501
2025-11-28,一批搏反弹的散户已经进场抄底了,732
2025-11-28,先跟大家说一下，12月份高位只能12元。月阳里面走。,520
2025-11-28,哈基米目前浮盈8.95%让我看看能不能撑到南北绿豆浆发货,1364
2025-11-28,大家只有不断卖出一点才能自救,290
2025-11-28,高位股的钱不断往低位股跑，低位股就是最大陷阱,280
2025-11-28,站稳10·5才能看好，不然就下来补切囗在入。,490
2025-11-28,站稳10·5才能看好，不然就下来补切囗在入。,410
2025-11-28,基民7X29089V68,260
2025-11-28,股友923y379E65,520
2025-11-28,基民7X29089V68,210
2025-11-28,又有人抄底了，越是低位的越是来抄底越是涨不上去，新手死于追高老手死于抄底,270
2025-11-28,基民7X29089V68,170
2025-11-28,股友i5253931z0,490
2025-11-28,股友59g399806C,490
2025-11-28,这种险也敢冒？,560
2025-11-28,还砸呢，来救你们了，还要砸?都割肉吧你们,630
2025-11-27,九阳股份：融资净偿还567.44万元，融资余额1.37亿元（11-27）,840
2025-11-28,$九阳股份(SZ002242)$,6454
2025-11-27,ms成份股基本都是废，长线可以，起码持股三年才有收益,1012
2025-11-27,家电趋势还可以呀，另外做了些家居家电ETF（515730），智能化成为家居家电成,880
2025-11-27,说真的，没想到反弹它这么弱，居然没振幅,760
2025-11-27,没站稳10。5占时不买,650
2025-11-27,我好几个股票都涨停了还有5个点以上的，这个最拉,530
2025-11-27,也没涨多少小散们打鸡血一样,440
2025-11-27,九阳神功呢？不打个第二波吗？把第一波的高点给冲破，你就是龙头了。,861
2025-11-27,这股要发动九阳神功护体，今天进来1手玩玩,651
2025-11-27,3线粘合就是启动之时！,7103
2025-11-27,股友g6689771E0,610
2025-11-27,看来不补切口了过10.5稳定后买入底仓。,531
2025-11-27,九阴转九阳,600
2025-11-27,风色末本本,660
2025-11-27,去搜了问财是说这票还有新低，不知道对不对,771
2025-11-27,股友iE6iMt,630
2025-11-27,近期就不要关注了只会小反弹，不要想大反弹了，出的就不要进来了。,380
2025-11-27,九阳要走只有抄羊年抄名字了。明年中期可关注。,280
2025-11-27,我c腻马，昨天刚卖出，今天就涨，这么玩游是吧,640
2025-11-26,九阳股份：融资净偿还1255.78万元，融资余额1.43亿元（11-26）,940
2025-11-27,九阳就是一只垃圾股，人云亦云的进去肯定是要吃大亏的，果断割肉，及时止损，才是最优,2651
2025-11-27,这个股票只有机灵鬼才能挣一点点点点点点点,1227
2025-11-27,股友Q3502V9733,1063
2025-11-26,消费涨停潮，家电业属于消费的范畴，这一点反应也不跟,1042
2025-11-26,明天如果倍量阳，直接梭哈,1635
2025-11-26,明天会怎样,4191
2025-11-26,九阳股份目前已步入中老年危机，公司厉届高层不思进取，转型婆婆妈妈，一步三回头。从,1090
2025-11-26,现在把家里九阳的东西都砸了现在砸无可砸了,763
2025-11-26,基民7X29089V68,602
2025-11-26,基民7X29089V68,270
2025-11-26,趋势向下，蹦8走呀。。。,770
2025-11-26,这个位置差不多了，怎么也得有个反弹吧,852
2025-11-26,股友i5253931z0,670
2025-11-26,明天再来个极限低开低走。,270
2025-11-26,典型的A杀,600
2025-11-26,大盘这样式体现出这票的优势来啦,660
2025-11-26,财源腾达de雅典娜,2955
2025-11-26,竟然成交了一个亿，，，都是谁在买啊，我很好奇，，,892
2025-11-26,马上练完了,590
2025-11-26,看来今天又是收盘最低点,671
2025-11-26,去科技被大资金割，去银行被某队割，还不如在这里和散户抱团。,750
2025-11-26,又变回以前的僵尸股啦。,600
2025-11-26,切口不补反弹都是假的只有冲高回落下套的命，那位大侠把它补了。,512
2025-11-26,基民7X29089V68,401
2025-11-26,明天即将练成9阴真经,660
2025-11-26,今天必有大阳,1043
2025-11-26,连续三天反弹4000多家红盘，还有人反驳我说我托，这不是拉几是什么,963
2025-11-26,股友7t8H930913,670
2025-11-26,$九阳股份(SZ002242)$,670
2025-11-26,缺口补的越早越好，，，,530
2025-11-26,这么一个收敛的位置，根据经验其实大概率是变盘向下,610
2025-11-26,要反包早就反包了，哈基米就是个伪命题。,630
2025-11-26,没业绩，没概念，，炒作也得有题材啊，，好不容易来个哈基米还和九阳没关系，这可咋整,500
2025-11-26,大家不要慌，下周攻11元，大家不要慌，下周攻11元。春节会攻上14元。,792
2025-11-26,还好刚刚跑了！这垃圾！！,630
2025-11-26,炒业绩业绩不行，炒概念概念没有，只能混吃等死了,610
2025-11-26,此股需要耐心，不要急，没有两个月不会涨,600
2025-11-26,九阳股份科技含量较低，没有出彩的地方。唯一看好的就是公司持有深思考人工智能机器人,880
2025-11-26,aaagggggg,470
2025-11-26,这个股票只有机灵鬼才能挣一点点点点点,351
2025-11-26,没希望了，一个像样的反抽都没有。我割肉了。祝你们留下来的能发财！,550
2025-11-26,九阳下来吧把切口补了让我打个底仓。,310
2025-11-26,一地鸡毛,550
2025-11-26,卖在人声鼎沸处o,570
2025-11-25,九阳股份：融资净买入201.63万元，融资余额1.56亿元（11-25）,770
2025-11-26,12.55进的，今天尾盘割肉了，过段时间再来,98412
2025-11-26,这个股票只有机灵鬼才能挣一点点点,300
2025-11-26,股友52512Fn158,961
2025-11-25,和当时的光线传媒一模一样，热度一过，一地鸡毛，不理解为什么这么明显的短期热度还会,1462
2025-11-25,不是我叫大家团结起来抛一百股这股能涨百分之二十吗，老板害怕散户跑了让他接盘,795
2025-11-25,我会逆势而为,801
2025-11-25,有耐心的祝卓9,5692
2025-11-25,缺口还是要回补滴，，，，所以缺口下方都在等,1227
2025-11-25,股友t2l6373602,1407
2025-11-25,这是散户集中营大量套住的大家不割点点肉拉高股票能怎么办,803
2025-11-25,炒股养乐队,88410
2025-11-25,主力大哥，你是差我那2700股吗？只要我卖就会涨了,1045
2025-11-25,基民7X29089V68,410
2025-11-25,让你们不管涨跌每人每天抛一百股，不要加仓，一买就跌一卖就涨,250
2025-11-25,我来了20161,641
2025-11-25,这个股票只有机灵鬼才能挣一点点。,320
2025-11-25,基民7X29089V68,280
2025-11-25,n14082514311d528,620
2025-11-25,三板套牢，一板广告，二板难买，三板套牢,600
2025-11-25,我明天来,591
2025-11-25,最后还要再补一刀，，，,360
2025-11-25,机关算尽太聪明，反误了卿卿性命。，这股很好笑每次打到低点都被小机构叼走筹码,720
2025-11-25,家电行业现在不是热门，这股跌成这样，没有几个月不要想上去,580
2025-11-25,明天10.08再买,611
2025-11-25,我累了，套牢盘,570
2025-11-25,基民7X29089V68,291
2025-11-25,我一共500股全清完了，走心电图的股，,520
2025-11-25,大盘都快要经过一轮牛熊转换了，九阳股份还没有爬山坑。试想一下，这个行业确实没有出,722
2025-11-25,不练九阳了，改修九阴,510
2025-11-25,尾盘拉升五个点,560
2025-11-25,HXR885S,421
2025-11-25,哈不动了连续加仓几天全仓被套,350
2025-11-25,股友693i1z2379,350
2025-11-25,又要震荡调整三个月左右才能拉升了，耐心熬吧,532
2025-11-25,误道书生，这名字不错，哈哈哈,753
2025-11-25,下午绝对要绿，拭目以待,491
2025-11-25,还有三个点跌幅,350
2025-11-25,股友i5253931z0,531
2025-11-25,大盘这样涨法明天要回调了，不知道什么股会大回调,351
2025-11-25,散户把庄家洗出去了,591
2025-11-25,再来三个绿柱子就神功大成了,440
2025-11-25,九阴是真，主力靠二个涨停板，成功的把货出掉了。现在全部都是散户在博弈了。后面阴跌,440
2025-11-25,老登，让小登回回本吧，亏了100多，家里的哈基米吃不起罐罐了,96214
2025-11-25,HXR885S,390
2025-11-25,差不多到位置了，二选一准备建立底仓。持股周期中短期,830
2025-11-25,这个股里只有机灵鬼才能挣一点点钱吧,341
2025-11-25,准备练成了,491
2025-11-25,不补缺口吗,390
2025-11-25,每人每天卖掉一百股卖不了吃亏,320
2025-11-25,大家快抛掉一点股票不割肉怎么涨,301
2025-11-25,都觉得这里可以抄底，那肯定不是底,421
2025-11-25,感觉是要破平台，还是再等等,400
2025-11-25,我哈基米又回来了,320
2025-11-25,今天无论涨跌，要把你卖了。你每天这样高开出货，谁也受不了。,350
2025-11-25,九阴还差不多。开盘就是最高价。主力都跑光了，指望散户拉上去？不可能的。,400
2025-11-25,快成九阴股份了,350
2025-11-25,股友122RC97317,330
2025-11-25,$九阳股份(SZ002242)$,490
2025-11-25,股友122RC97317,330
2025-11-25,股友25585P0U70,410
2025-11-24,九阳股份：融资净买入295.86万元，融资余额1.54亿元（11-24）,670
2025-11-25,不是前段时间让你们卖一百股能有后面的2个涨停吗,683
2025-11-24,这废永远说不了真话，只有大家不停减仓才能拉高股价。,440
2025-11-24,干吧，100万两百万，没事的，只管干，走势图这波高位在15.5元。,712
2025-11-24,10块止跌，本身9块8起来的，产品也卖得不错，没利空新闻，跌不到哪里去,83210
2025-11-24,基民7X29089V68,320
2025-11-24,无敌忍者,400
2025-11-24,九阳神功估计是废掉了。,642
2025-11-24,大盘今天不拉红一个点，这玩意没一点希望，完全跟随大盘,401
2025-11-24,九阳股份，居然有机器人概念，会不会那天涨停是因为这个概念，和哈基米无关？,681
2025-11-24,各位高手们，九阳神功咋变九阴百骨爪了，还能重新练回九阳神功吗？！难搞,520
2025-11-24,这下哈基迷难没路躲了,450
2025-11-24,方寸乾坤,360
2025-11-24,哈吉米小登被埋,580
2025-11-24,高开低走，冲高回落，尾盘杀跌，天天都一样的故事,490
2025-11-24,天天尾盘不砸竞价，是密码的难受,380
2025-11-24,哈吉米么，南北绿豆,471
2025-11-24,股友aAUL6Y,440
2025-11-24,就知道这玩意两点半开砸，一贯的尿性了,380
2025-11-24,方寸乾坤,410
2025-11-24,不如改名九阴股份更贴切，符合你的气质,290
2025-11-24,哈基米豆浆不是用的九阳的机器吗,390
2025-11-24,航天发展已经反包了，你九阳股票还是饭包，你好歹也是造电饭煲的呀，你也来个饭煲呀,460
2025-11-24,基民7X29089V68,300
2025-11-24,明天还有得跌,410
2025-11-24,九阳神功变豆浆了,380
2025-11-24,股友y863590E01,491
2025-11-24,还给我我不玩了,340
2025-11-24,缺口还是要补的，，，，所以，，,481
2025-11-24,下来把切口补完吧。,370
2025-11-24,12元疯抢，10元无人问津,41012
2025-11-24,九阳九阳，能否来个九连阳的大涨,380
2025-11-24,千万别涨停！我只喜欢天天涨！,350
2025-11-24,主力点个，九阳神功护体，拉九个涨停板！,330
2025-11-24,九阳算空间站概念吧，可惜不让涨gg,823
2025-11-24,股价再砸的话，我们散户投资者以后就不买九阳股份电器产品了，就像兰世立现在不买金龙,1454
2025-11-24,卖在人声鼎沸处o,360
2025-11-24,12的本呀，那年能回本,41112
2025-11-24,股友86c725A505,390
2025-11-24,完全没量了,230
2025-11-24,又加仓100万，坐等吃肉。又加仓100万，坐等吃肉。又加仓100万，坐等吃肉。,1285
2025-11-24,银禧，江龙，雪人，没买，买了个九阳，亏大了,873
2025-11-24,来002900，新的哈基米概念股诞生了,591
2025-11-24,9.85建仓，你赶紧砸吧！,4509
2025-11-24,基民7X29089V68,320
2025-11-24,从现在开始每跌5个点可以补仓3层,360
2025-11-24,大盘普涨，高位退潮，你都不能红，,260
2025-11-24,基民7X29089V68,260
2025-11-24,顺势而为9,280
2025-11-24,看来小哈们没什么钱，主力吃一口没味道就走了,360
2025-11-24,说好了要促进消费，这是咋不进的啊？,320
2025-11-24,九阳股份澄清不涉及“哈基米”产品，“豆浆概念股”股价大跌,25784
2025-11-24,被套30个点了吧，100股的小登哈基米们,460
2025-11-24,哈基豆是九阳豆业的产品，九阳豆业曾是九阳集团的全资子公司，但是目前九阳集团不再持,1073
2025-11-24,补了缺口立刻就跑,290
2025-11-24,可真是服了你恶心透顶啊大哥,310
2025-11-24,笑死，没人玩，和上证指数走势一模一样,341
2025-11-24,股友i5253931z0,330
2025-11-24,股友i5253931z0,300
2025-11-24,一周跌了20%，连个两个点反弹都稳不住,260
2025-11-24,股友9390Y391M2,370
2025-11-24,A杀没底线。,280
2025-11-24,一周跌20%，主力也亏得难惨的,480
2025-11-21,九阳股份：融资净偿还920.28万元，融资余额1.51亿元（11-21）,710
2025-11-23,这小散被刹的哇哇叫，我12出逃等补切12入。,1161
2025-11-23,今天怎么样都跌停不了,1433
2025-11-23,这哪是九阳神功？分明是。套牢一批人。,430
2025-11-23,我来了20161,450
2025-11-23,哈基米豆浆卖爆了，一场天量流量营销是怎么实现的？,6643
2025-11-23,九阳股份本周融资净买入4736.66万元，居家电行业板块第四,1180
2025-11-23,问题来了，阳不阳,550
2025-11-23,7.8满仓干！,5607
2025-11-23,用了22年的九阳豆浆机还在用,2593
2025-11-23,我说个数字9.3，9.3开始建仓,781
2025-11-23,蜗牛12138,581
2025-11-23,从去年9.24开始，从年k线来看确实是牛市，只不过看这样的年k线快速上涨也就一年,700
2025-11-23,腊吉股票，华尔街恶狼大战哈基米，没搞头走了走了,760
2025-11-22,部分小登被a股上了第一课,770
2025-11-22,你有种继续跌，你敢跌倒9.7我就满仓干进去,720
2025-11-22,11月17天是不是跟风盘接的货,80011
2025-11-22,主力逃走了，留下一群韭菜在寒风中瑟瑟发抖,2546
2025-11-22,9.6强支撑,7209
2025-11-22,股友k58331D551,810
2025-11-22,九阳2019年参股的深思考，产品估计落地难，业绩可能难体现，D轮融资后也没有上市,1100
2025-11-22,woburenshu,1381
2025-11-22,再下10个点考虑买点,870
2025-11-22,已经A杀了，N不上去了。。回到起点然后横盘震荡,910
2025-11-22,越爹越买,910
2025-11-21,主力现在成本价在10.45左右，再跌不会跌到哪里,2175
2025-11-21,快补缺口了，补了尽管满仓,2144
2025-11-21,大家好我是哈基米！,1392
2025-11-21,公司新发明：九阳股价粉碎机，全球销量第一,1401
2025-11-21,买不完买不完恨不得把公司卖给你,990
2025-11-21,这股有一群砸肿，老是喜欢砸尾盘，砸竞价,1271
2025-11-21,这几天是诱多，不封跌停在跌停边缘疯狂诱惑你抄底,950
2025-11-21,连着三天尾盘竞价砸，难得见这么恶心的,900
2025-11-21,股友553p20061D,940
2025-11-21,筹码都换手了一遍，怎么还有卖盘,1141
2025-11-21,基民7X29089V68,840
2025-11-21,一年涨了0.16还有筹码吗,900
2025-11-21,卖在人声鼎沸处o,890
2025-11-21,人生不过一梦黄粱,830
2025-11-21,大家干干干，听我的没错的，春节前高位15元，大家速度买上。,1703
2025-11-21,到底还能不能反转拉红,1032
2025-11-21,庄以出逃，大家别想大涨了，套牢一群散户，短期只会跌不会涨梁新庄横盘入住，推倒从来,930
2025-11-21,要不了几天就会跌到6元一股,1723
2025-11-21,顶不住了喵，哈基米来个涨停喵,920
2025-11-21,节前在股市认识了一位女士，30岁，我们聊了大半年，一直聊的都很好。今天她提出见一,12279
2025-11-21,二十来亿的流通盘，走出了寒王的感觉,930
2025-11-21,高级营养师gg,810
2025-11-21,基民7X29089V68,880
2025-11-21,我当时看他图行会成妖，但是他又不是国企,1102
2025-11-21,缺口有效支撑，抄底,1001
2025-11-21,11月18竞价：利害，铁座222手差点干跌停。今天一会开盘会如何？,833311
2025-11-21,哈基米粉丝太穷了，这要是王心凌霸总粉丝得拉9个板,1581
2025-11-21,给九阳小散户的一封信，九阳为什么不涨，它的市值应该两个小熊电器，比飞科高，可是就,1740
2025-11-21,率真de爱莱塔,780
2025-11-21,逢缺必补！砸到8.88买入,860
2025-11-21,切口没补不买,850
2025-11-21,16.5啥时候能解套啊,106116
2025-11-21,除了割肉的，没有资金玩它，只会大盘走,981
2025-11-21,有进取心的金吉拉,790
2025-11-21,收获的季节，一般都是这种a型走势,820
2025-11-21,还哈气不哈气了,1222
2025-11-21,如鱼得水gdd,860
2025-11-21,跟大盘一模一样的走势，没有一点资金玩它，随波逐流了,780
2025-11-21,股友t2l6373602,1585
2025-11-21,股友05852UP012,830
2025-11-21,开盘没割，加仓一半，完了,790
2025-11-21,还在出货，出几天了还没出完，该拉一下做T了吧主力,1061
2025-11-21,基民7X29089V68,330
2025-11-21,招财旺小旺,830
2025-11-21,九阳，你真该涨点了，跌了5年了，从去年9.24开始多少股票翻了多少倍，你竟然比9,530
2025-11-21,人生不过一梦黄粱,800
2025-11-21,基民7X29089V68,260
2025-11-21,10.8抄的低都被埋了，但大指标来看就是在底部，隔几个月再来看,240010
2025-11-21,再加仓300万，直到庄家吐血。,1031
2025-11-21,还没有跌到位。要等等,870
2025-11-21,这个就放到明年吧，不用看了，到明年会好的。,840
2025-11-21,今天可以进了哈哈再上12再卖,931
2025-11-21,这种情况又得捣鼓一段时间了,850
2025-11-21,够狠知道做不到等于不知道,810
2025-11-21,杂毛就是行情不好跟跌,260
2025-11-21,给九阳小散户的一封信，九阳为什么不涨，它的市值应该两个小熊电器，比飞科高，可是就,1400
2025-11-21,拉尾盘明天又危险了,2004
2025-11-21,基民7X29089V68,350
2025-11-21,快走吧，不知道会跌到哪里,740
2025-11-21,杀不动硬杀这是,920
2025-11-21,股票和他的产品一样,910
2025-11-21,如鱼得水gdd,770
2025-11-21,股友923y379E65,800
2025-11-21,下去把切口补了吧,290
2025-11-21,跌吧，我只有两百股,280
2025-11-21,还真的是一贯的尿性，这几年还没换庄呀,800
2025-11-21,基民7X29089V68,260
2025-11-21,哈基米们，房地产大利好了来了，九阳明天涨停。很多人不知道家电股其实和房地产关系密,7854
2025-11-20,九阳股份：融资净买入1511.85万元，融资余额1.6亿元（11-20）,1300
2025-11-21,哈基米的小粉丝太穷了，没办法，一人买不了多少，关键一个个还只会口嗨，老登被你们害,1090
2025-11-20,一天左手换右手，多没实力，看看富有有多强,921
2025-11-20,forwardlook,720
2025-11-20,$九阳股份(SZ002242)$,1271
2025-11-20,基民7X29089V68,881
2025-11-20,感谢九阳！给机会了,5794
2025-11-20,是我砸的，远离垃圾真爱钱包，还有一个漫步者也不能买，切记切记,790
2025-11-20,今天真的被恶心到了，就感觉被人盯着，龙溪股份不卖时一直跌，今天一个上午大盘不好个,23536
2025-11-20,本来以为九个板，原来是九牧王，负错了真情,1181
2025-11-20,每天集合竞价补刀是什么意思,941
2025-11-20,本来就是烂票一个，流动资金根本不愿意关注，今年一个涨停没有，只有小资金坐庄小涨小,1943
2025-11-20,收工回家不玩了好像回到了2千点那会只有跌没有涨，买美的了,711
2025-11-20,这股是真的拉几，连跌不反弹不说，天天收盘砸竞价，走了不玩，磨人,852
2025-11-20,哈基米们早上不跑，来不及了,771
2025-11-20,股友CY11693891,470
2025-11-20,股友iE6iMt,460
2025-11-20,芭比Q还要跌来着,490
2025-11-20,每天收低价，确保前一天的人不会赚到,530
2025-11-20,跌起来亏的冬虫夏草，涨起来赚点三瓜两枣,490
2025-11-20,哈基米哟，南北绿豆,450
2025-11-20,降话能不能强势，，赶紧进仓单,490
2025-11-20,昨天最低价收盘，今天还能最低价收盘，你是真牛，只会跌不会涨的股,621
2025-11-20,这种垃圾票游资不敢进的，要被主力和量化搞死的,500
2025-11-20,九阳神功赶紧涨起来,440
2025-11-20,基民7X29089V68,450
2025-11-20,破庄，继续去你的庄,310
2025-11-20,基民7X29089V68,280
2025-11-20,11。04小亏1%走了，对这市场已失望。,45011
2025-11-20,哦上不去10.9是因为10.9有获利盘,470
2025-11-20,只有突破周线12.82才是真突破,490
2025-11-20,只有量化了，走的和中免一样,530
2025-11-20,玩了一把惊险刺激的。昨天低吸今天跑，现在这行情真没有持续性，咬一口就得跑,771
2025-11-20,这周也就这样了,440
2025-11-20,基民7X29089V68,280
2025-11-20,今天做了3次t,661
2025-11-20,股友268903El98,450
2025-11-20,你能涨停板，给你放鞭炮齐鸣,784
2025-11-20,这吝啬穷庄，路边掉的碎银两也不放过一粒都要捡的一粒不剩,480
2025-11-20,2025年德国IF设计奖德国iF设计奖，被誉为设计领域的“奥斯卡”，是全球极具声,12812025
2025-11-20,不是国企有点怪怪怪的,430
2025-11-20,基民7X29089V68,260
2025-11-20,美的涨这么高为什么还在涨怪不得美的电器卖的好,280
2025-11-20,没人买了是什么鬼,470
2025-11-20,股友s6tKm8,450
2025-11-20,九阳神功，变成了了,440
2025-11-20,回来看看兄弟们，昨天开盘集合竞价就跑了，平进平出。不过昨天到航海和水产捞了一笔。,1714
2025-11-20,股友s6tKm8,420
2025-11-20,股友s6tKm8,230
2025-11-20,果然是出幺蛾子，幸好没买,460
2025-11-20,你别给躺着我装死，你给我起来干活,632
2025-11-20,股友516150H9F2,490
2025-11-20,咬了主力一口，马上就跑了,470
2025-11-20,Fixer77777,440
2025-11-20,永安林业板了，要飞了。,622
2025-11-20,剩余半仓，继续躺尸，哈基咪沃南北绿豆～,2990
2025-11-20,股友5733973kk3,562
2025-11-20,基民7X29089V68,230
2025-11-20,忠心耿耿的云栖9,1820
2025-11-20,我一走就突破了，祝福各位哈基米了，赚8个点没出到包本出，这人气下来也没强势出击，,600
2025-11-20,出妖还是出幺蛾子？,341
2025-11-20,水下割肉了，明天拿钱出来，销户了,510
2025-11-20,我12跑的开心开心等下杀在入。,551
2025-11-20,他奶奶的，我10块多卖了，你就涨了是吧？,440
2025-11-20,九阳股份天下笑，合富中国步步高,550
2025-11-20,想骗人上当没人跟，但凡你昨天维护一下都不至于这样,812
2025-11-20,涨上去就能接力九牧做补涨龙了,581
2025-11-20,昨天但凡维护一下我都不会走，今天拜拜了,440
2025-11-20,基民7X29089V68,260
2025-11-20,如鱼得水gdd,260
2025-11-20,哈基米，猫有九条命，九阳有9个涨停板,480
2025-11-20,基民7X29089V68,310
2025-11-20,到永安林业看看吧,490
2025-11-20,放着了，没个半月一月,300
2025-11-20,加油干，涨起来，两岸海峡龙头，业绩增长。,713
2025-11-20,是不是快过年了大家减持清仓回家过年了吗,230
2025-11-20,哈基米概念股不至少得来个死猫跳？,480
2025-11-20,跌10几个点都不维护，这反弹两个点下来以后又被均线压制了，你是真绝了,430
2025-11-20,九阳变九阳了。,270
2025-11-20,反复做t，也回本了,541
2025-11-20,如鱼得水gdd,280
2025-11-20,主力左手倒右手拉高出货，发现没人跟，都是套牢的，要砸盘了,711
2025-11-20,今天砸过10.5，再加仓50w，涨就不加了,1596
2025-11-20,基民7X29089V68,270
2025-11-20,不是什么高科技。一般般。,470
2025-11-20,下去把切口补了吧，不难上涨无力难,200
2025-11-20,水下见面,420
2025-11-20,忠心耿耿的云栖9,470
2025-11-20,有种预感要再跌一下拉板,701
2025-11-20,吃了两个地板。哎还是怕你了。留下的发财,1760
2025-11-20,偏爱并喜好右侧交易的、可以扫射九阳了～趋势形成！主力掀桌子不装了～,2617
2025-11-20,呵呵呵呵呵呵,360
2025-11-20,真弱，跌了十几个点反弹两个点真难,280
2025-11-20,九阳垃圾，九阳面条机非常难用！！！,440
2025-11-20,大家死拿不放大不了再放5年,240
2025-11-20,庄以出完剩下散户在玩了，还是下来吧哈咪结来了。,260
2025-11-20,忠心耿耿的云栖9,380
2025-11-20,大家不要卖啊跟这个股同归于尽啊,300
2025-11-20,基民7X29089V68,250
2025-11-20,能跌到10，4吗我建仓,230
2025-11-20,“哈基米”热梗退潮，九阳股份的焦虑仍在,1
2025-11-20,一买就跌一卖就涨，难做垃圾股己砸烂所有家里九阳电器,583
2025-11-20,今早买了点，补了点，感觉买少了,270
2025-11-20,老庄未没有走，看一下底部筹码就知道了。昨天的疯狂下杀主要是游资和恐慌的散户割肉造,4204
2025-11-20,两岸海峡龙头，加油涨起来,270
2025-11-20,基米今天能做到吗,522
2025-11-20,主力还在，洗盘换主力,310
2025-11-20,主力玩的溜666，典型围魏救赵！谣言？他们会没有咨询和信息源？笑话,2335
2025-11-20,由申甲中9834,230
2025-11-20,要去补下面的切口,411
2025-11-20,股友3220d3007G,240
2025-11-20,九牧开杀，九阳开啦,240
2025-11-20,反包涨停两岸股股，台湾订单爆量,280
2025-11-20,高开就要拿住。今天洗盘最后涨停。外面的可以进冲。,330
2025-11-20,龙头技术实战精要,172058
2025-11-20,股友080Q6d2929,310
2025-11-20,绵绵冰ii,220
2025-11-20,差不多了,250
2025-11-20,股友9I792079P2,611
2025-11-20,今天给你梭哈的机会，就看你敢不敢了。10.6发心大胆的买。,330
2025-11-20,周四就是今天反包涨停，因为哥抄底了，不涨停哥也要拉一个,904
2025-11-19,九阳股份：融资净买入1149.3万元，融资余额1.45亿元（11-19）,570
2025-11-20,你们都说哈基米这关他鸡毛事别人是做电气的,460
2025-11-20,九阳，太空站，哈基咪，,340
2025-11-20,个人理解会要补10附近的缺口,471
2025-11-20,九阳的空气炸锅在空间站烤鸡翅，这个炒作过了吗,1541
2025-11-19,格局，下降空间有限，上涨空间可太大了。一堆人套在20到42这里,670
2025-11-19,都没看最近新闻吗，还敢在这炒作日本的产物，简直就是找死,1082
2025-11-19,九阳真阴！,390
2025-11-19,傻小登们还哈不哈气了，套死你们套到明年，看你们亏钱比我赚钱还开心，有个叫丰川祥子,860
2025-11-19,大跌的原因其实就是中日关系恶化，日本电影都不让播放了，炒作哈基米你们觉得可能吗？,1392
2025-11-19,$九阳股份(SZ002242)$,400
2025-11-19,二进三无忘，后面基本都是a杀,771
2025-11-19,一只僵尸股两三入套了多少小散入来？,491
2025-11-19,不是九阳神功练不起，而是更有性价比,490
2025-11-19,昨天底部拉上来，还以为弱转强了，没想到今天拉一坨大的,691
2025-11-19,今天建仓，看看明天能吃多大一碗面,771
2025-11-19,$九阳股份(SZ002242)$,7432
2025-11-19,买吧买吧，越买越哈气,490
2025-11-19,笑死这也太拉几了，幸好周一开盘看太弱了没买。。,470
2025-11-19,深度解析九阳股份盘面资金：主力逆势抄底，洗盘信号清晰！,13598
2025-11-19,九阳神功变成，都跌成咋样，都套了,480
2025-11-19,《九阳煮马》---张无忌闭关光明顶，练九阳神功至第九重，体内阳气蒸腾，头顶冒白烟,2011
2025-11-19,及时改方向了，希望明天继续回血,11483
2025-11-19,我几乎是以赌博的心态炒股的，这样是错误的,1673
2025-11-19,买咋跌咋，真难受，天天跌，你特么牛逼点。,400
2025-11-19,这票没什么机会了，大概率会走a，周一放天量要出货，要么是杀跟风盘，个人觉得是出货,3492
2025-11-19,预测跟去年福龙马一样，A杀后走牛，明年炒（羊）,760
2025-11-19,真特么烂，继续做空股票，洗盘,540
2025-11-19,比去年9.24的股价还低，估计a股五千多家除了st的，很难找到了,1755
2025-11-19,以为是一阳指，原来是幻阴指,430
2025-11-19,明天10.51买5首！我看你跌,1154
2025-11-19,还好我是强度党中杯股我不买我只买超大杯,430
2025-11-19,平和宁静的温若巧,480
2025-11-19,你们亏多少个点了？,2447
2025-11-19,明早开盘反弹大概率到11.4左右，,2576
2025-11-19,站在风口浪尖了,500
2025-11-19,我是小登，我先哈气，补仓都没,480
2025-11-19,股友5898XI9710,470
2025-11-19,哈基米被爆头原因分析,170
2025-11-19,基民1d2619a299,480
2025-11-19,gsxhl,420
2025-11-19,10元以下可以买入底仓,50010
2025-11-19,没实力庄股，趴趴熊，叫九阴得了,381
2025-11-19,各位哈基米怎么样？今天跌的已经不知道怎么回本了,2305
2025-11-19,昨天买的还截图不，都说了出货杀猪,652
2025-11-19,望能慈悲天下,953
2025-11-19,还晒图不，喜欢做t。给你来个最低点收盘,1174
2025-11-19,对就是这样，小散互相伤害，谁都别好过，庄还能洗3个月,530
2025-11-19,还好昨天主力给机会跑了明天10元多可以进了9快多全帮,560
2025-11-19,还哈吗？一个做厨房小家电的拉基都能吹上天吹的烂梗豆浆跟他毛关系没有，而且连版权都,1153
2025-11-19,兄弟们有谁还敢抄底吗，趴着底下动不了了，还会往下破吗,1598
2025-11-19,股友w1368792Q5,530
2025-11-19,总所周知，哈基米应激了会上串下跳,600
2025-11-19,不是说镜子狂涨狂跌吗？,400
2025-11-19,昨天拉的资金全埋进去，操盘真是烂,360
2025-11-19,这可真的就是A杀了，竞价还按，昨天那样拉，还以为能转强，太狠了,480
2025-11-13,今天能不能在哈基米榜上看到哈盟主和哈小群，炒股养基米，北京抄基米,470
2025-11-13,我看评论区谁敢哈气,320
2025-11-13,哈基米系虾米懒觉,380
2025-11-13,哈基米概念股来了,510
2025-11-13,赶快去埋伏曼脖概念,2451
2025-11-13,哈基米米已经卖断货了，你们自己看着办吧,822
2025-11-13,慕名而来，这是哈基咪概念龙头股吗,2073
2025-11-13,基民fu8eDw,310
2025-11-13,哈基米一日游，明天接盘会成为九阳爷叔,390
2025-11-13,哈基米家族前来觐见,390
2025-11-13,有可能是只跨年大牛，明天继续板上见,310
2025-11-13,落叶飘去溪流,270
2025-11-13,股友923y379E65,320
2025-11-13,虽然可能和去年川大智胜一个结果，但还是太搞了哈哈哈哈哈哈哈，哈基米概念股引领大a,540
2025-11-13,$九阳股份(SZ002242)$,820
2025-11-13,哈基米曼波,340
2025-11-13,股友8u280k9100,350
2025-11-13,一个产品故障率很高的公司，也敢涨停？不怕被砸到底,961
2025-11-13,这不是有吗,340
2025-11-13,耐心型韭菜,581
2025-11-13,感谢抖音乔大王引爆哈基米,2263
2025-11-13,小登票概念股，我要拿这个月利润挂隔夜单，支持小登股，干掉老登股,340
2025-11-13,股票就是数学,330
2025-11-13,哈基米多南北绿豆，哈西噶哈椰露可多～曼波～,1973
2025-11-13,某薯片策划看了直跳脚,500
2025-11-13,$九阳股份(SZ002242)$,3060
2025-11-13,我爱哈基米,250
2025-11-13,股友X83122R601,290
2025-11-13,董秘紧急哈气，生怕准备了好久的行情被打上哈基米概念的标签了,490
2025-11-13,哈基米，哈基米绿豆,270
2025-11-13,涨就完事了，谁管你有没有，和老子没关系，老子就知道能涨,390
2025-11-13,股友1909a870W8,1292
2025-11-13,养老产业迎政策金融双驱动！养老ETF（516560）上涨0.7%！机构：老龄化加速催生万亿银发经济新蓝海,12080
2025-11-13,要命很多95后,621
2025-11-13,$九阳股份(SZ002242)$,2771
2025-11-13,事已至此，反正现在买不进去，那就推荐两只哈基米概念股吧,2481
2025-11-13,买是买不到了，先加自选看看真有意思,360
2025-11-13,股友512x7c3859,551
2025-11-13,哈吉米概念股？那稳了,420
2025-11-13,好久没做开盘票了，，今天选出来你感觉还可以，明天轻仓试试,300
2025-11-13,未来人铁军,220
2025-11-13,$九阳股份(SZ002242)$,5170
2025-11-13,再唱空也没用了，唯一的哈基米概念股，有垄断契合的产品，其他后来者再蹭热度效果肯定,2380
2025-11-13,已下单，莫辜负,682
2025-11-13,股友1909a870W8,581
2025-11-13,哈机密什么梗啊,1322
2025-11-13,哈吉米概念股，js环球生活是九阳股份的母公司，相当于出了哈吉米概念还有sn业务，,1720
2025-11-13,吃啥你先看,270
2025-11-13,沪A13801212379,260
2025-11-13,九阳股份回应：没有“哈基米”相关产品,4910
2025-11-13,下单了南北绿豆豆浆支持一下,320
2025-11-13,董秘都说了无关了你们倒是卖点啊，我宁愿赔也要买点,460
2025-11-13,快跑，九阳豆浆和九阳股份没啥关系，就像金山集团和小米集团一样，只是创始人是同一个,2331
2025-11-13,笑死我了，大A还是太会玩了,350
2025-11-13,爱猫小仙女不来砸盘？,3433
2025-11-13,想买？求也得排队！,520
2025-11-13,越是无关越要买,370
2025-11-13,资本怎么那么坏啊，哈基米也要炒，你开一下我也想炒一下哈基米你开一下,490
2025-11-13,笑死我了,300
2025-11-13,老登们点开评论区一脸疑惑,570
2025-11-13,大家进得去嘛,360
2025-11-13,不是说没有哈基米吗？怎么还封的这么死？,3083
2025-11-13,股友533722w00u,431
2025-11-13,卖断货了，45天内发货,300
2025-11-13,太好笑了主力本来在底部吸筹结果莫名其妙被你们抄底了急的拉上去了,570
2025-11-13,哈基米拯救股市？,410
2025-11-13,股友CzyECV,270
2025-11-13,暗掷金钱卜远人,230
2025-11-13,宝宝宝宝胖宝宝，好胖好可爱，auv这不小白手套吗,460
2025-11-13,我难道是一只很坏很坏的小猫咪吗？,380
2025-11-13,大a还是太权威了,320
2025-11-13,财源亨通de宁荣荣,270
2025-11-13,闻讯赶来,260
2025-11-13,股友533722w00u,320
2025-11-13,网上说说得了，现实中谁不想来一袋南北绿豆呢？已下单,911
2025-11-13,股友70K15r6962,260
2025-11-13,下一步要找奶龙获取授权，做椰果奶龙黄桃罐头,731
2025-11-13,买也要排队！！！,330
2025-11-13,股友c0z3032701,360
2025-11-13,希望各位股东懂事一点，不要为难哈基米。,440
2025-11-13,年轻人的第一支股票,420
2025-11-13,$九阳股份(SZ002242)$,8674
2025-11-13,支持一下，哈哈,250
2025-11-13,暴买一只九阳破壁机支持一下,240
2025-11-13,怎么没有？你家豆浆机不能打南北豆，不能打绿豆？,450
2025-11-13,耄耋概念股能开个口吗，我也想哈一口,610
2025-11-13,差不多得了,580
2025-11-13,上到14块会考虑减仓，主力请继续,270
2025-11-13,喝了哈基米NB绿豆浆直接变成哈基米了，直接满仓梭哈,650
2025-11-13,变成抖音评论区了,280
2025-11-13,宝宝这是虐人股，不要买,71115
2025-11-13,gpt研究结果：“九阳豆浆”并非九阳集团（九阳股份）旗下直管品牌，而是杭州九阳豆,21664
2025-11-13,单筹码分布来看吗，没有任何套牢盘，太吓人了。随便拉没抛压,330
2025-11-13,给个机会下周让我入个场就为凑个热闹哈基米，这也可以,280
2025-11-13,哈基米豆浆，2天卖了15w单？？？嘎？？？,330
2025-11-13,流量打法越来越抽象了,280
2025-11-13,孩子们，我已经下单了，你们呢,892
2025-11-13,谷底梭哈,770
2025-11-13,我就玩原神玩的,511
2025-11-13,哈基米哟南北绿豆，啊西噶呀哈压库,971
2025-11-13,大发有余的王重阳,280
2025-11-13,主力哈气了，数据线伺候,350
2025-11-13,大家一起帮九阳加商业航天概念-九阳太空厨房世界第一股,1734
2025-11-13,Frankf2022,390
2025-11-13,迷因概念,210
2025-11-13,说你有你就有，这泼天的富贵该你接了，别吭声，闷声发大财。,2122
2025-11-13,孩子们我真的没招了(),280
2025-11-13,呵呵今晚不,290
2025-11-13,董事长，我希望你懂事点，出一款哈基米豆浆机,360
2025-11-13,没有哈基米也涨停？看来不是哈基米,300
2025-11-13,啊啊啊啊啊啊啊啊，天呐天呐天呐，我的九阳涨停啦，啊啊啊啊啊,782
2025-11-13,他朝若是同哈气，此生也算共基米。,480
2025-11-13,那我没招了，哈基米概念股都出来了，这就是流量的时代吗？,1321
2025-11-13,股友2f690119N8,400
2025-11-13,哈基米概念肯定会火一波，坐稳扶好。,320
2025-11-13,梭哈吃麦当劳,890
2025-11-13,有一年没涨停了吧，要不要拉一个涨停。纪念下呢,1013
2025-11-13,哈吉米的大手发力了,260
2025-11-13,问：为什么一般说“走南闯北”不说“走东闯西”答：因为南北路多,540
2025-11-13,刘伯温chp,280
2025-11-13,明天连板的可能性基本没有,3484
2025-11-13,可以去绝味食品埋伏曼脖了,1191
2025-11-13,五水合硫酸亚铁,340
2025-11-13,二次元概念股？,280
2025-11-13,不知道现在买不进是好事还是坏事,1343
2025-11-13,你是说我亏了一年多的股票因为哈基米火了？这个世界太疯狂,1171
2025-11-13,股友W7X8211680,340
2025-11-13,嗨起来各位,1880
2025-11-13,品客肠子悔青了,1973
2025-11-13,股吧老哥看到一堆看不懂的术语，连忙去查资料，最后发现是一个梗，想想我都觉得难,1401
2025-11-13,哈基咪南北绿多，阿西噶阿西，阿西哈雅酷奶农，哈基咪哈基，哈基咪摸南北绿多，阿西噶,2872
2025-11-13,哈基米概念股说是,450
2025-11-13,哈基米哈基米,270
2025-11-13,深山旱厕蹲坑炒股,250
2025-11-13,$九阳股份(SZ002242)$,560
2025-11-13,$九阳股份(SZ002242)$,501
2025-11-13,freedommachine,280
2025-11-13,哈基米哦南北绿豆啊西嘎纳哈呀库哦玛吉利叮咚鸡叮咚叮咚哈基米,490
2025-11-13,股友1620uf5378,380
2025-11-13,下一个炒作的是不是华仔股份了啊,1271
2025-11-13,此股已有哈根，必须达斯,550
2025-11-13,大家不要跑，耄耊哈气三次才会接普攻。,731
2025-11-13,这能对吗，这也太哈基米了,330
2025-11-13,哈基米概念第一股,460
2025-11-13,你们不要买，会被小白手套的哟,530
2025-11-13,逆天哈基米概念,620
2025-11-13,圆头耄耋概念第一股,520
2025-11-13,我去，经典的小登股，哈气,440
2025-11-13,云云云云叶,270
2025-11-13,虽然手上没票，但还是下了两单,340
2025-11-13,哈基米哦南北绿豆，阿西卡啊库奶龙，曼波基里咦叮咚鸡，叮咚鸡啊哈基,400
2025-11-13,我要哈气了,370
2025-11-13,$九阳股份(SZ002242)$,1670
2025-11-13,主力赶紧撤单，让我买点,320
2025-11-13,股友CzyECV,270
2025-11-13,股友W255598X25,440
2025-11-13,是因为在太空炸鸡吗？,400
2025-11-13,老纳100,1030
2025-11-13,股友W255598X25,260
2025-11-13,这个股要哈气必定要有运镜，现在只插还没抽,581
2025-11-13,欧码吉利曼波,2504
2025-11-13,赵宏福4669,300
2025-11-13,阡陌交通，鸡犬相闻意思是不是南北路多，叮咚鸡大狗叫,330
2025-11-13,董秘哈气了，太正宗了。,550
2025-11-13,股友W255598X25,330
2025-11-13,哈基米概念吗恐怖如斯,390
2025-11-13,股友W255598X25,360
2025-11-13,明年羊年+数字概念股疯涨+哈基米，九阳股份爆啦？,1993
2025-11-13,我没买到，我要哈气了,52510
2025-11-13,哈基米莫南北绿豆,390
2025-11-13,大A炒龙凤马玄学的时候你不服都不行！炒起来总要几个涨停板的！,270
2025-11-13,只能说市场炒作吧，不过也是真的涨了，前几天因为哈基米入股的，多少可以挣个把月的饭,841
2025-11-13,宝宝宝宝这个股是略猫的，大家不要买,3192
2025-11-13,哈吉米哦～南北绿豆,320
2025-11-13,哈基米的南北绿豆,250
2025-11-13,赛马娘也是马，马年概念股,390
2025-11-13,非常6加七,270
2025-11-13,股友acgWkj,991
2025-11-13,我发现一个新的哈基米概念股票！哈空调！因为他会哈气！,630
2025-11-13,哈基米概念股，哈哈,5199
2025-11-13,是京东做的，跟九阳没关系,671
2025-11-13,哈基米哦～南北绿豆～阿西嘎哈～雅酷娜露～,390
2025-11-13,我就说为啥突然涨停了,370
2025-11-13,九阳都涨停了，绝味鸭脖不得出个曼脖？,5755
2025-11-13,董秘很狡猾，确实没有哈基米产品，因为哈基米没申请商标，现在卖的是豆浆罢了。而且哈,3573
2025-11-13,股友8u280k9100,320
2025-11-13,$九阳股份(SZ002242)$,250
2025-11-13,还不快跑，豆电早就分家了；这个是做电器的；做饮品的是豆业还没上市。,540
2025-11-13,当股民是sx?豆浆卖爆了豆浆机不受益?全市场关联度最高的就是这个，同一个实控人,1853
2025-11-13,哈基米概念股，以后再来个曼波概念吧,460
2025-11-13,$九阳股份(SZ002242)$,280
2025-11-13,南北绿豆浆有了，南北绿豆浆机还会远吗？,330
2025-11-13,20251113千股识图九阳股份,4670120251113
2025-11-13,股友OXw0gr,900
2025-11-13,股友w0skZu,290
2025-11-13,趁着哈基米概念给我的哈基米音乐打个广告《圣曼波》,350
2025-11-13,第一次见耄耋概念股,460
2025-11-13,大家注意，这跟九阳豆浆不是一家公司,410
2025-11-13,股友81N9681c81,360
2025-11-13,预售30天发货，牛逼,481
2025-11-13,哈基米南北路多,220
2025-11-13,哈基米！什么情况！,260
2025-11-13,没有哈基米？跌停吧,270
2025-11-13,天塌了，居然没有哈基米相关，直接按跌停了,621
2025-11-13,说你有，你就有,370
2025-11-13,搞笑，澄清了，下午开跌,410
2025-11-13,这不就是你们官方号发的吗,370
2025-11-13,CPKLIKE,290
2025-11-13,哈气了要，没买上,240
2025-11-13,盘中利空，不怕，老板同一个，豆浆产线机器也是九阳自己的。,480
2025-11-13,哈基米概念股，但豆业和做小家电的九阳股份没关系啊,751
2025-11-13,分析师一觉醒来天都塌了问什么是耄耋，什么是哈吉米,1801
2025-11-13,是不是要凉了？,10934
2025-11-13,赛马娘那边怎么说,280
2025-11-13,营销部也是请到哈基高了,280
2025-11-13,股友U773351F71,290
2025-11-13,股友022uy57926,260
2025-11-13,哈基米莫南北绿豆,260
2025-11-13,背锅侠临时工233,290
2025-11-13,Xuuuuuuuu,410
2025-11-13,别的不说，豆浆真的买脱销了，比三元逻辑硬多了。三元是真心硬炒。,2023
2025-11-13,老登们，你们下单的豆浆几号才发货啊，我的要12月才发货，咪的天好久啊,1222
2025-11-13,股友vssk61870176,270
2025-11-13,绷不住了，哈基米概念股我是没股票但是0.017买的哈基米，听说九阳今天都涨停了,660
2025-11-13,为什么不涨,3317
2025-11-13,公司最错误的战略，把九阳豆浆给卖了,3993
2025-11-13,哈↑哇→哈↑夏→哈↑曼→哈↑波→哈↑哦→哈↑耶→哈↑基米→wow！！！,350
2025-11-13,哈基咪概念股耄耋概念股,310
2025-11-13,九阳赶紧推出哈基米豆浆机，电饭锅，空气炸锅！！！速度！注册哈基米商标,891
2025-11-13,耄耋概念股,340
2025-11-13,哈基米哦南美绿豆，阿细噶野果奶龙，马夏玛吉丽满钵，哈基米南美绿豆,1242
2025-11-13,陈汉升upupup,260
2025-11-13,哈基米窝南北绿豆，阿西嘎鸭酷奶龙，扎布扎布悠搭悠搭，噢马激励曼波,380
2025-11-13,城心养老标准化体系发布！养老ETF（516560）上涨0.3%！机构：老龄化加速推动银发经济潜力释放,8060
2025-11-13,有条理的忆梦云8,510
2025-11-13,谁要踢我的头，11月份是不是攻上了11元。12月份迎接12元。,562
2025-11-13,股友95w060w631,531
2025-11-13,昨晚朋友回家告诉我他买了哈基米豆浆，我还以为他又凑热闹交智商税，没想到是告诉我今,700
2025-11-13,羊年生肖概念龙头！不要被骗走筹码了，明年保守要上30！,501
2025-11-13,哈哈看到帽小姿应激了就好笑，乐事这怂货学会了吗,350
2025-11-13,浙江瑞安五星铁锅最近爆火，本公司应该加快研发和生产同类产品！,1000
2025-11-13,请问公司是否有网上很火的哈基米hachimi相关的产品在售？,4270
2025-11-13,哈吉咪概念哈哈哈,330
2025-11-13,京东哈吉米都卖断货了，订单排到12月份了都，九阳神功九个板！,680
2025-11-13,九阳股份压盘那么狠～这几年真是苦了投资九阳股份的散户兄弟们了,430
2025-11-13,哈基米哦南北绿豆,651
2025-11-13,重组_20cm_中新股,370
2025-11-13,主力撤单1万手。好事，证明抛压不大吧小资金就能封死。,370
2025-11-13,什么乱七八糟的？哈基米？？？什么鬼,1411
2025-11-13,股友07n85l3865,360
2025-11-13,要求不高超过去年高点12.86我就知足了，9.5的成本不舍得建仓，明天12减三层,430
2025-11-13,C黄旭东Z,390
2025-11-13,兄弟们朋友们，所有目标对准清新环境，外面获利盘，所有目标对准清新环境。跟着我吃香,320
2025-11-13,今天涨停了，我买了10份九阳的哈基米南北豆浆支持一下大家也都去买点,3583
2025-11-13,兄弟们朋友们，所有目标对准清新环境，外面获利盘，所有目标对准清新环境。,360
2025-11-13,虐猫区绞尽脑汁不如爱猫区灵机一动更不如哈基米的小巧思,640
2025-11-13,Mujika若叶睦,310
2025-11-13,猛一看岛型，仔细一看不是这缺口有点玄幻,280
2025-11-13,还能不能有点良心，人家曼波南北绿豆都涨停了,630
2025-11-13,九阳股份把九阳豆业股份卖了，哈基米概念和九阳股份没有关系,4043
2025-11-13,股友Oybxok,6525
2025-11-13,带一带我们绝味鸭脖吧我们也是曼脖概念,610
2025-11-13,哈基米概念产品还是蓝海，这种热度+蓝海懂的都懂,1462
2025-11-13,我去阴不阴,360
2025-11-13,飞快的从静竹,270
2025-11-13,抽象是真抽象拉涨停是真拉啊,350
2025-11-13,哈基米曼波，九阳能不能出一款蜂蜜水产品,631
2025-11-13,三季报折射小家电“双重困局”：国内红海刺刀见红，海外蓝海风高浪急,18211
2025-11-13,大家都去买哈基米南北豆浆，支持国货,360
2025-11-13,下次哪家服装公司炒作一下嗨鸭裤,270
2025-11-13,哈吉米喔南北绿豆,682
2025-11-13,谁能来解释下，哈基米是啥概念？,4144
2025-11-13,哈基米哈基米,280
2025-11-13,终于解套了，全部抛了，这下舒服了,3488
2025-11-13,这是过年了吗？,3945
2025-11-13,杜兰达尔单推,240
2025-11-13,狗头鸡金经理,250
2025-11-13,股友70128ai363,240
2025-11-13,拼多多上数了一下有两百万袋卖出去了！,390
2025-11-13,豆浆订单破52万都排到圣诞节了，离谱,3325
2025-11-13,五连鞭果然名不虚传,280
2025-11-13,Mu后boss,270
2025-11-13,九阳意味着九个涨停板，奥利给,602
2025-11-13,逆天了，这也行,320
2025-11-13,耄耋概念股,460
2025-11-13,股友879105Q70I,430
2025-11-13,辨识度一下子有了,260
2025-11-13,开始造电池了，牛啊，搞到50,340
2025-11-13,$九阳股份(SZ002242)$,340
2025-11-13,曼波曼波,250
2025-11-13,不是退出豆业股份了吗,330
2025-11-13,股友t2l6373602,652
2025-11-13,看样子明天玄了有蛀虫进来了，大家能卖卖一点,632
2025-11-13,这也能让九阳吃一个涨停,320
2025-11-13,基民7X29089V68,220
2025-11-13,主力就差我1000股吗？,381
2025-11-13,昨天我们说的是，只要今天能抗住，明天就有望迎来个普涨，有人私信问会不会今天就普涨,6252
2025-11-13,希望能破前高12.82，破前高12.82减半仓！,240
2025-11-13,哈吉米南北绿豆阿西噶雅虎奶龙,2564
2025-11-13,藏得很深，我给你趴趴，加仓买,2873
2025-11-13,基民8z850937A0,290
2025-11-13,九阳股份把九阳豆业股份卖了，哈基米概念和九阳股份没有关系,370
2025-11-13,股友70128ai363,3186
2025-11-13,哈基米概念和奶龙概念都启动了,2973
2025-11-13,有什么利好吗股友们？,3695
2025-11-13,股友690P69o133,330
2025-11-13,起个名真tm难,470
2025-11-13,顶底之王1314,285815
2025-11-13,哈基米概念股，新产品：南北绿豆,370
2025-11-13,9.6买少了，只买了3000股,3409
2025-11-13,稳如，看涨,865
2025-11-13,明天还有板,270
2025-11-13,兄弟们是我买高压电饭煲的功劳吧,5943
2025-11-13,亏我那么爱你，你来个涨停吧,33813
2025-11-13,耄耄和外奇操纵股价是吧。。。,340
2025-11-13,昨天10.03卖了一半，今天集合竞价又卖了一半！晕了，哎,751
2025-11-13,起床就刷到哈基米豆浆，一看卖脱货了,450
2025-11-13,应该是加入了ds概念,340
2025-11-13,你们快卖吧，我买不进去啊,922
2025-11-13,首只哈基米概念股,340
2025-11-13,不敢睁开眼，希望是我的错觉,280
2025-11-13,没买就涨停,190
2025-11-13,这板唯一缺点就是认气排名没有第一,280
2025-11-13,哈基米叠加抄名字，今天涨停的这些，华夏幸福，真爱美家，合富中国，安泰股份，人民同,630
2025-11-13,虽然但是，你也有哈基米概念啊。有一个哈基米品牌管理公司。,5290
2025-11-13,基民7X29089V68,853
2025-11-13,就算天地板，第一个板打死不卖！,230
2025-11-13,a股还是太癫了，一句哈基米，一份南北绿豆，看量能值个三连板,2922
2025-11-13,真正的小登股啊,290
2025-11-13,ostentatious,340
2025-11-13,拿住先看超过去年高点12块多,290
2025-11-13,豆业直播间太多钓鱼佬在问,350
2025-11-13,乖乖隆地隆，咋了这是,310
2025-11-13,应该是东大扫雪机器人北美爆火，九阳有投资,701
2025-11-13,养老金融战略升级！养老ETF（516560）平盘震荡！机构：银发经济前景广阔但需破解发展瓶颈,6900
2025-11-13,哈基米牌南北绿豆,290
2025-11-13,$九阳股份(SZ002242)$,210
2025-11-13,昨天终于把游资喊进来了，连板开始。,330
2025-11-13,财运兴隆de逍遥子,280
2025-11-13,感谢耄耋，感谢哈基米,1822
2025-11-13,兄弟们信了吗，我给的很多都是内幕，散户不愿意相信，反而会吃亏,480
2025-11-13,哈基米曼波哈基米雷曼波哦，早发现早享受人生,1432
2025-11-13,是不是南北绿豆和哈基米最近太热了，触发谁的量化扫盘了笑死,570
2025-11-13,理性的冷顺昊,280
2025-11-13,今天打算下单买个九阳炒菜机,260
2025-11-13,一日三管强身健体,300
2025-11-13,好大一条水鱼,300
2025-11-13,在这买的不会被套吧,1820
2025-11-13,笑死我了，哈基米概念牛逼,390
2025-11-13,$九阳股份(SZ002242)$,2490
2025-11-13,新总裁要上任了,320
2025-11-13,头一次发现a股还有九阳，这个在我们那边还挺出名的,440
2025-11-13,股友aAUL6Y,922
2025-11-13,给力昨天把摩恩出了，今天你来接力,260
2025-11-13,朝气蓬勃的朱思源,290
2025-11-13,太突然了！悔不当初,360
2025-11-13,几个意思，卖了剩了这点，主力就拉了,380
2025-11-13,什么情况,300
2025-11-13,股友aAUL6Y,360
2025-11-13,股友aAUL6Y,330
2025-11-13,兄弟们今天还有机会上车哈基耄耋概念吗？,1112
2025-11-13,昨天10.07卖了，主力是盯着我的账户干吗,410
2025-11-13,九阳股份11月份高位，我能1分不差的精确到10.40元。我人头担保月高10.40,1785
2025-11-13,股友FKsxnG,260
2025-11-13,九阳神功，今天炒数字，冲,250
2025-11-12,九阳股份：融资净偿还134.3万元，融资余额9140.89万元（11-12）,640
2025-11-13,哈吉米能带来一波大涨吗？js环球生活是九阳股东也来一波波,730
2025-11-13,哈基米哈基米，欧巴库欧巴库，曼波！,460
2025-11-12,想问下贵公司哈基米商标是否申请下来了,530
2025-11-12,沧海一票,290
2025-11-12,支持一点,260
2025-11-12,主力尾盘抢筹，明天是否拉高诱多出货？大家讨论一下,531
2025-11-12,继续冲令狐冲，九阳神功,380
2025-11-12,哈基阳你这家伙，偷偷开哈基新品，股价也要哈基高哦！！！,1262
2025-11-12,$九阳股份(SZ002242)$,320
2025-11-12,股友ZJ1221,700
2025-11-12,明天准备追涨加仓九阳股份，又要把成本买高了不过后期大涨，现在成本高点买赚的也多点,2802
2025-11-12,奥里给,3280
2025-11-12,基民7X29089V68,561
2025-11-12,不好意思，今天我刚来，请问，基民7X29089V68这种状态正常么？，持续多久了,400
2025-11-12,今天刚入九阳，我的科技止跌翻红了，九阳神功，果然名不虚传！,733
2025-11-12,每天抛一百股也不多大头还在后期涨了利润也还在，清仓什么也没了,360
2025-11-12,大家买恒生消费ETF也可以,250
2025-11-12,大家记住每天抛一百股不要间断,300
2025-11-12,九阳神功突破第十层,351
2025-11-12,如果清仓了大家就不要来了一来明天大跌了,260
2025-11-12,大家慢慢减仓每天卖一百股,270
2025-11-12,古灵精怪的石笑笑,331
2025-11-12,管住手慢慢减仓不要加仓也不要减仓,220
2025-11-12,基民7X29089V68,240
2025-11-12,freedommachine,372
2025-11-12,蓝天天空和废什么就是空头和做T的大家当心了,310
2025-11-12,刚启动同志新高准备,300
2025-11-12,哈基米豆浆说明九阳管理层是很灵活年轻化的,861
2025-11-12,今天我拉了不少客来了助力九阳神功,331
2025-11-12,有能力的游资过来做个涨停抄上九阳九众天。,401
2025-11-12,看我拉了很多新客吧，看涨新高。,593
2025-11-12,基民7X29089V68,250
2025-11-12,我持有的科技大跌，买点九阳，神功护体,452
2025-11-12,基民7X29089V68,200
2025-11-12,抄数字九阳不配数字股？,371
2025-11-12,真的9.9包邮,341
2025-11-12,长上影明天下跌开启,351
2025-11-12,真的就是拿不住牛股，明年羊年，九只羊,1823
2025-11-12,我对天发誓不会骗人的，每人每天都抛一百股，千万不要加仓做T把股票拉上来，我朋友清,300
2025-11-12,财富专属金钥匙,332
2025-11-12,这个走势怎么越看越象是还在出货？？？,361
2025-11-12,九阳什么都不用看中金1干多万在里面，买的理由，现在底部，大家怎么看。,635
2025-11-12,喊话中金大哥，带领大家争点过节费处进消费一下，努争到钱买点九阳的产品。,442
2025-11-12,为了九阳股份的股民能争的钱我到外去拉皮带了，同志们要有信心和九阳共存亡。,413
2025-11-12,现在进九阳是安全港。,322
2025-11-12,大家可以去主板拉拉客，我已去拉客了。,322
2025-11-12,外面跌成狗样，九阳每天小红，还能看见太阳。,352
2025-11-12,都是大散户没得涨。,421
2025-11-12,财富专属金钥匙,291
2025-11-12,大家努力每人每天一百股或二百股卖给老板，不然股票涨不上去了加油啊千万别加仓不然又,432
2025-11-11,九阳股份：融资净偿还106.19万元，融资余额9275.18万元（11-11）,450
2025-11-12,九阳神功发力，今天炒数字冲,371
2025-11-11,大家快一起卖掉一点不然涨不上去了,311
2025-11-11,你是山上的猴子下山来搞笑的吗,371
2025-11-11,九阳恶庄家，这几天涨了这么多！你还是跌下来吧，我有点不习惯涨。等我外面的股票赚够,441
2025-11-11,只要大家一起慢慢减仓抛的量大于买的量股票还会涨，这个废什么只挣二个点三个点就跑根,320
2025-11-11,九阳恶庄家，这几天涨了这么多！你还是跌下来吧，我有点不习惯涨。等我外面的股票赚够,331
2025-11-11,废什么的其心可诛，我们明天开始再慢慢抛加油,240
2025-11-11,九阳股份11月份高位，我能1分不差的精确到10.40元。我人头担保月高10.40,612
2025-11-11,怎么说呢，觉得时间还没到，可以买点底仓也可以不买,382
2025-11-11,$九阳股份(SZ002242)$,250
2025-11-11,大家都不加仓慢慢减仓就对了,240
2025-11-11,九阳股份11月份高位，我能1分不差的精确到10.40元。我人头担保月高10.40,371
2025-11-11,基民7X29089V68,230
2025-11-11,太阳能能涨停潮，九阳明天秒板！,511
2025-11-11,大家记住股票大数据设置是越买越跌越卖越涨,280
2025-11-11,散户团结起来一起每天抛一点牺牲一点，为了后面更好的涨高努力,270
2025-11-11,已经三阳了，还有六阳,462
2025-11-11,怒其不争谁尾盘又加仓了，天天做T不累吗,240
2025-11-11,近期向十元挺进，速进机会不多了。,372
2025-11-11,大家团结起来，反正也不是好股票，每天抛掉一点，不然股票就死了，那一天来加个,260
2025-11-11,最好能收9，88,271
2025-11-11,机会不多了，抓紧上车了，近期新高了。,291
2025-11-11,这是我十几年的经验告诉大家,300
2025-11-11,天天抛一点大家团结起来拉高都卖给老板,240
2025-11-11,基民7X29089V68,180
2025-11-11,这波破十值的期待,261
2025-11-11,九阳股份：中国空间站唯一指定合作伙伴太空做饭热风烘烤机！为中国人首次登录火星煮好饭！,4243
2025-11-11,一买就跌一卖就涨不要幻想着一直拿着挣大钱，要舍得牺牲一点点利润,200
2025-11-11,同志们抓紧买啊。,262
2025-11-11,珍爱生命，远离九阳豆豆机。珍爱生命，远离九阳豆豆机。,362
2025-11-11,谁在慢慢吃货啊,280
2025-11-11,快卖有起色了，每天高了抛掉一点,240
2025-11-11,大家一起卖有个别蛀虫垃圾我们也不怕，他越买成本越高跌下来肯定死定了,200
2025-11-11,命想活得长，远离九阳豆豆机。,210
2025-11-11,大家快抛掉一点不然涨不上去了,241
2025-11-11,九阳豆豆机谁买谁倒霉？九阳豆豆机谁买谁倒霉？九阳豆豆机谁买谁倒霉。,290
2025-11-11,我18多买的，一直补，现在成本还14元，做希股总扒拉扒拉起不来,574
2025-11-11,基民7X29089V68,220
2025-11-11,看在股价没涨的面子上，我已经把1万个痘痘肌撤销了，不买了你开始大跌吧。,320
2025-11-11,涨到20元没有问题，不过要到明年,291
2025-11-11,九阳的钱都搞研究去了,361
2025-11-11,涨了大家一起卖给老板，这个股没前途,190
2025-11-11,15.53买的，套住快三年了，啥时候回本啊,40115
2025-11-11,双11了九阳也该表现表玩，也让散户有口饭吃，一年了也不涨点，让大家过好年。,311
2025-11-11,coconut19744006,250
2025-11-11,今年年内会冲一下10元大关吗？,391
2025-11-10,九阳股份：连续3日融资净买入累计435.31万元（11-10）,660
2025-11-11,自从在九阳亏损之后没买过九阳产品的有多少人,979
2025-11-10,豆浆机已经选好了，就等你来一个涨停。,340
2025-11-10,是不是世界末日要来了。太阳从西边出来了，今天九阳恶庄家足足涨了一个点啊，涨了一个,511
2025-11-10,这个股票是所有消费股里最差的,260
2025-11-10,太阳从西边出来了，今天九阳恶庄家足足涨了一个点啊，涨了一个点啊。太可怕了，世界奇,350
2025-11-10,明天会不会涨啊大神们,572
2025-11-10,等跌到一倍市净率,460
2025-11-10,涨高了就卖掉点，永不加仓,240
2025-11-10,美的涨这么高了也有1.4个点,220
2025-11-10,基民7X29089V68,300
2025-11-10,太可怕了，九阳股份涨这么多。,250
2025-11-10,好可怕的，股票涨一个点跟过年一样的。太阳从西边出来了。,280
2025-11-10,贸易战暂停一年，后续咱们公司的外贸出口转正，带来业绩回升。,381
2025-11-10,这个股是我所有消费股里最差的,230
2025-11-10,我今天下单了1万个痘痘肌，明天肯定涨停板的。,290
2025-11-19,昨天那么强势以为多少有点溢价的,462
2025-11-19,人气已经没有了明显,440
2025-11-19,拉几的没话说，本想长期拿着，我今天发现我错了，弱就是弱，买这股不拿个五六年玩不了,530
2025-11-19,这个股明天大概率涨停,590
2025-11-19,亏了这波不玩了,722
2025-11-19,别人都是五六个板才跌停的，你几个板啊？,260
2025-11-19,莫名其妙吃了个跌停，二板就开始杀啊,381
2025-11-19,空头玄学，韭菜,400
2025-11-19,哪来回哪去，白玩一场,440
2025-11-19,明天10.40见底,390
2025-11-19,九块钱才是他的归宿，资本太抽象了,410
2025-11-19,主力出不了货拉一波诱多，别追,1034
2025-11-19,明天一字板，向下的,440
2025-11-19,要拉起来了，赶紧买,653
2025-11-19,慌了吗，，，，，太狠了,420
2025-11-19,这个是不是三板组的杰作？,450
2025-11-19,直接把80砸了，，开心,410
2025-11-19,股友w1368792Q5,380
2025-11-19,高升之路,400
2025-11-19,安菲尔德左角旗杆,551
2025-11-19,从四十多跌成这样，拉个涨停板就怕成这样，别人十几个涨都没有问题？太空神器就这么不,712
2025-11-19,这票坏就坏在“九阳”二字，韭菜们意玄学，难逃被割啊。,450
2025-11-19,为啥底部筹码都不动？？？,1204
2025-11-19,还在诱多，千万别买，兄弟们，割了6个点走的,430
2025-11-19,哈吉米哈吉米哈吉米,420
2025-11-19,主力你拉拉吧，你多挣些，散户少挣点，可以吗？别这么狠心砸盘了。,774
2025-11-19,哈基米小屁孩们根本看不懂为什么涨为什么跌,883
2025-11-19,目前看从金辰换你是错误的选择！弱就是弱,330
2025-11-19,我是明天大空头,240
2025-11-19,尾盘跌停？？,361
2025-11-19,后悔12没卖,863
2025-11-19,跌停吧，没啥区别了，这样也怪恶心人的,381
2025-11-19,这是暴力洗盘震仓？？？,1566
2025-11-19,可惜了，哈基米大军也没抱团起来，我是一股没卖，就你们互踩，怎么做大做强,681
2025-11-19,哈吉米南北绿豆，持仓再看看呗,350
2025-11-19,我这么说吧，着急出来辟谣是怕被查，公司本身指定有问题，经不起查,1997
2025-11-19,要跌停的节奏啊！太狠了吧！,653
2025-11-19,和新能源车合作，内置一个，等红绿灯可以煮豆浆,280
2025-11-19,明天卖了倒了大霉,280
2025-11-19,这个股也没涨多少啊，月线那么低,360
2025-11-19,开往涨停的002242号列车即将发车，没有上车的旅客请抓紧上车,250
2025-11-19,主力要吸满了，真贪心啊，这次翻倍了要,742
2025-11-19,哈基米要应激了,320
2025-11-19,n925213620536906,250
2025-11-19,破不了10.81,320
2025-11-19,主力还在，稳住别浪,1214
2025-11-19,你真没资格跟跌，从去年行情开始你没涨一点，甚至股价还下跌了一块！！！,320
2025-11-19,今天不反包就是绝对走弱了,280
2025-11-19,股友18Ck959932,330
2025-11-19,为什么不痛快的搞跌停。,421
2025-11-19,其实你今天不用跟大盘的，一个涨停就把人气吸引进来了,290
2025-11-19,没主力，主力都不动？昨天都埋进去,310
2025-11-19,看来牛市结束了，这两个月挣钱效益太差，一直在亏损，要清仓了,240
2025-11-19,早上我拉起来给了你们逃命的机会你们不懂珍惜，都是一群该割的韭菜,340
2025-11-19,承接不错可以抄底,280
2025-11-19,往日种种……往日种种……,1069
2025-11-19,玲珑剔透的温泽哈,300
2025-11-19,当人气那么高。居然不断跌，这庄一点没格局,280
2025-11-19,太狠了吧，，，，，，不会真跌停吧，，,280
2025-11-19,如果今天跌9个左右明天下砸五六个点我就继续抄底,250
2025-11-19,主力还在的，大家别慌，稳住。因为散户就是主力，哈基米。,310
2025-11-19,股友t2l6373602,230
2025-11-19,清仓，割肉,260
2025-11-19,也没这么跌，继续做空,250
2025-11-19,我来接盘了现在就熄火主力赚什么,250
2025-11-19,股友gJPwldSu,260
2025-11-19,感谢主力刚才的拉升，给逃跑的机会了,401
2025-11-19,哪么好股咋选，清仓了，永远拉黑,250
2025-11-19,跌，跌，跌，跌跌，做空,320
2025-11-19,白费了这名字,451
2025-11-19,股友2wDGtM,260
2025-11-19,走了，赔死了，休息几天,270
2025-11-19,九阳股份改练九阴震惊,320
2025-11-19,今天如果跌停明天下探五个点以上又可以抄底了,290
2025-11-19,豆浆机，没有什么高科技的。低档初级的。,310
2025-11-19,九阳还是九阴？,532
2025-11-19,股友69332I253U,410
2025-11-19,基民qOivr5,290
2025-11-19,哈吉米南北绿豆，曼波曼波,310
2025-11-19,胆小的都散了吧，胆大的撑死,340
2025-11-19,昨天尾盘那些主力资金，今天都割韭菜了，今天不拉起来这么好利好居然跟着别人低开，又,390
2025-11-19,给散户留条底裤吧，大家都知道你在-8出货，出个差不多拉拉吧，让我们少赔点,825
2025-11-19,一个卖豆浆机的，背景下能有什么预期，哪里来跌哪里去,994
2025-11-19,出个同款豆浆机，绝笔卖爆,310
2025-11-19,风色末本本,280
2025-11-19,下午开始加仓了，大盘极致缩盘了,300
2025-11-19,下午涨停,1355
2025-11-19,没热度了，趁早出吧,260
2025-11-19,现在是炒指数了，800多家涨4500多跌，指数还能红,330
2025-11-19,我也有由昨天的死命唱多转为今天的死命唱空，这就是市场情绪，尊重市场,340
2025-11-19,这波9元可能打不住了,280
2025-11-19,今天大跌，散户以为捡到便宜，最后还是要被闷杀！！,310
2025-11-19,望能慈悲天下,240
2025-11-19,吊股票真是让人无语萎了,280
2025-11-19,买了就是赚了买买买，九阳神功天下无敌,330
2025-11-19,继续吸筹，还不拉起来，哪个大佬赶紧拉起来，赶紧补仓,350
2025-11-19,都唱空就对了,290
2025-11-19,九阳，你去接替九牧王成为龙头。,300
2025-11-19,妈的10.90出了，11.20买回来了，真是人才,582
2025-11-19,是主力自救还是多空博弈呢？按理说这个股没有博弈的价值,973
2025-11-19,有没有有钱的小登，拉爆这个老登庄,371
2025-11-19,从去年9.24到现在不但没涨，还跌了1块钱,380
2025-11-19,。能不能上去踢掉九牧王啊？,320
2025-11-19,股市每天涨谁还打工消费啊,330
2025-11-19,卡指导救一下啊,360
2025-11-19,九阳老庄这副德行给九牧王当裤衩都不配呀,290
2025-11-19,小登生活费都压进去了，被老登庄耍的团团转,320
2025-11-19,老登庄把小登耍的团团转，哈哈，控盘能力真的还挺强,381
2025-11-19,今天又是骗筹码的一天。,381
2025-11-19,九阳老庄心狠手辣，没进的别碰，看看前几年的下跌和去年到今天的压盘，不好玩，没武德,350
2025-11-19,股友81136C76W1,300
2025-11-19,10块钱的9阳谁不买,23010
2025-11-19,股友t2l6373602,382
2025-11-19,谁在疯狂做空九阳？良心大大的坏了！,602
2025-11-19,我去，这是要跌停的节奏？,671
2025-11-19,九阳护体,300
2025-11-19,过1138了,310
2025-11-19,我一卖就涨，算反弹还是上涨？,290
2025-11-19,佩服了不是你的对手，,280
2025-11-19,镰刀架起来,360
2025-11-19,三角洲概念股,260
2025-11-19,股友aAUL6Y,250
2025-11-19,别被骗了，把自己筹码掉了，,250
2025-11-19,跟昨天一样诱多，坏得很,230
2025-11-19,股价连续异动 九阳股份撇清“哈基米”概念,18392
2025-11-19,搞这么妖。惊险又刺激啊,290
2025-11-19,不红盘，谁敢买？,250
2025-11-19,这货不会又想和昨天一样V起来吧,290
2025-11-19,10.88我来抄底,30010
2025-11-19,狙击手jack,1230
2025-11-19,应该能上去，算了反正就20手，我看看这股最后咋样,270
2025-11-19,人家地天板了，,1580
2025-11-19,上穿均线就买入,230
2025-11-19,10.83补仓,30010
2025-11-19,回踩缺口再考虑吧,230
2025-11-19,短线，还是不好搞，大环境。割了去消费了,311
2025-11-19,欧曼波，欧麻基里曼波～,290
2025-11-19,走了去华夏幸福了,240
2025-11-19,朱莉，求你了，别再砸了，散户这几天都亏麻了,200
2025-11-19,消息面导致的上涨，最后的结果是回到原位,290
2025-11-19,可靠的乔尼,300
2025-11-19,埋人无数的垃圾股,230
2025-11-19,恭喜九阳大哥，成功练就。,964
2025-11-19,曙光503581261,230
2025-11-19,今天跌停，明天大跌！！！,240
2025-11-19,看抖音推荐炒股，输的体无完肤,250
2025-11-19,赶紧补仓，怕成咋,270
2025-11-19,芜湖红宝8业余,250
2025-11-19,快去请如来，快去请如来，快去请如来，快去请如来，快去请如来……,280
2025-11-19,从去年9.24到现在很多股翻了几倍了，这玩意低位放量一点没涨不说，比去年股价还低,340
2025-11-19,今天会不会分歧转一致，开盘直接高开暴力拉升，哈,1515
2025-11-19,去你的，都没涨停板，就怕成这样，继续砸盘做空,431
2025-11-19,年轻人的第一次哈气,270
2025-11-19,别人涨十几涨停板都没有问题，你特么一个涨停板就拉了。不举。股价那么低。,320
2025-11-19,哈基米们，冲锋,240
2025-11-19,九个大阳线。九个大阳线。九个大阳线。vs小熊市值对比相当，营收差一大截。,1430
2025-11-19,我输掉了最后的底裤，目前属于,240
2025-11-19,执着的韩艳娥,250
2025-11-19,昨天拉高出货，今天差不多了。游资也没赚几个点,280
2025-11-19,周线压力位12.82，只要明天破了。一马平川,1445
2025-11-19,收下吧，这是我最后的哈气了,421
2025-11-19,以后晒单多的股一率远离，晒单的才是狗拖,270
2025-11-19,挣个火锅钱走了，谢谢朱莉,1350
2025-11-19,真服气了，庄家本来筹码没吸够，找不到利空那，一群神经病，在评论区疯狂发利好，小作,600
2025-11-19,这种主力没格局，不玩了，剩下1200股清仓,310
2025-11-19,买100股的哈基米们，今天教你们一个新词汇：跌停,602
2025-11-19,由申甲中9834,270
2025-11-19,woburenshu,250
2025-11-19,股友81136C76W1,280
2025-11-19,这主力一点格局没有啊,381
2025-11-19,确实看不懂，这股低位放量今天大铁埋了昨天的进的图啥量化真牛逼撤了不玩了,260
2025-11-19,所有的小哈不要怕，我是最高的,521
2025-11-19,速度买入500万，目标15元。短线目标15元，速度速度，全仓买入。,743
2025-11-19,股友2wDGtM,270
2025-11-19,别被骗了，手上票，今天不涨起来我吃,571
2025-11-19,换手这么低，主力清仓大甩卖没人接,340
2025-11-19,尽管我死命唱多，可惜主力没格局，但凡他有也不至于40一路杀到11，给各位上了一课,240
2025-11-19,股友lu1xQT,270
2025-11-19,哈基米们冲啊，给老登们一点颜色看看,310
2025-11-19,股价还是太高，应该砸到9元,230
2025-11-19,原来九牧王才是九阳神功的传承人,370
2025-11-19,股友m886006o82,501
2025-11-19,小凳们还是干不过老登们！,250
2025-11-19,太空神器生产，一个涨停板就开始割韭菜,320
2025-11-19,继续砸盘，现在的股价那么低,290
2025-11-19,吃啥你先看,310
2025-11-19,折腾的要死不活,320
2025-11-19,A字型开始，收获的季节到了……,310
2025-11-19,哈基米们，被割了吧，哈气了吧,431
2025-11-19,基民v83992z311,300
2025-11-19,猜猜看，主力跑得过散户不,250
2025-11-19,股友122RC97317,432
2025-11-19,股友25M53Y6862,391
2025-11-19,养眼的只有绿色,382
2025-11-19,直接水下，跑了,330
2025-11-19,股友7D982n6239,8763
2025-11-19,影响投资生涯的几个故事5,2400
2025-11-19,股友122RC97317,260
2025-11-19,哈基米，日本概念股,310
2025-11-19,喜欢截图是吧，今天给你们来个大的,380
2025-11-18,九阳股份：融资净偿还2739.81万元，创近一年新高（11-18）,681
2025-11-19,股友122RC97317,300
2025-11-19,今天11月17日周一热门个股早盘点评，龙师兄个人观点，仅供参考！,867239
2025-11-19,基民TsnY02,290
2025-11-19,明天又要大涨了,702
2025-11-19,九阳股份刚启动啊给点力,2630
2025-11-19,股友879877OX95,360
2025-11-19,作为最早用ai参与产品制作并爆火的一批公司，ai应用的业绩体现最终还是要落到产品,450
2025-11-19,什么网红豆浆？？？最后都是每个人在家自己学着做的！！！,361
2025-11-19,九阳电器上太空了，真牛,350
2025-11-19,九阳应该是走的智能家居，AI应用端叠加消费的逻辑,531
2025-11-19,“哈基米第一股”乌龙：涨停的九阳股份 2023年就已“戒了”豆浆 公司这样回应,490666
2025-11-19,龍头新手,96610
2025-11-19,九阳九阳，还有七阳老乡，不要走,712
2025-11-19,近期已多次进入榜单近期已多次上榜近期已多次入榜,331913
2025-11-19,排队涨停进了，希望给机会吧，大底部，月线走3大阳,450
2025-11-19,太空烤箱，这可不是概念炒作！这台由九阳独家研制的设备确实是世界首创的太空烹饪神器,15517
2025-11-18,股友97y1I85509,822
2025-11-18,$九阳股份(SZ002242)$,4723
2025-11-18,一路长红发发发v,430
2025-11-18,还有这走势？（11.18）,1872
2025-11-18,$九阳股份(SZ002242)$,320
2025-11-18,我买啥都不涨，今天买了九阳,551
2025-11-18,太空要干净卫生，无油烟。,410
2025-11-18,今天主力收盘价11.80，要要发!,350
2025-11-18,今年我国大豆没有进口美丽国！美丽国，大豆销量下滑，他们都是喜欢喝咖啡，大豆销量卖,570
2025-11-18,一定要把这些空头按趴下，让他们破财,420
2025-11-18,哈基米哈哈哈,340
2025-11-18,哈基米永不为奴，曼波～,711
2025-11-18,今天这行情还能吃点大肉，就靠九阳了，基本上三分之一的仓位，主要是胆子不大，不敢多,4482
2025-11-18,相信年轻人的力量,491
2025-11-18,新建：大东*九阳**持有：康芝**标准**出局：拓日**,162110
2025-11-18,太空烤箱，这可不是概念炒作！这台由九阳独家研制的设备确实是世界首创的太空烹饪神器,4645
2025-11-18,只值2个板，亏的可以买一车电器了，砸烂家里所有九阳电器以泄心中不满,561
2025-11-18,多头可以营销一下,300
2025-11-18,哈基米！哈！,370
2025-11-18,建议九阳多头给九阳直播间买点热度机器人,430
2025-11-18,完蛋，跑早了，我成投降派了,1223
2025-11-18,可惜了，竞价跌停没买到,612
2025-11-18,股友CzyECV,300
2025-11-18,拿几个月看看，我从来不做T，涨高了就卖,460
2025-11-18,沪深指数都是阴线，大盘持续调整。这些都是预期内的事，已经调整几天了。这一波是上证,25050
2025-11-18,好像晒单的多起来了，如果有主力的话，明天大概率低开一个也跑不掉,480
2025-11-18,九阳已经成为国家战略小家电，突出一个重要性，九阳的破壁机谁用谁知道，老美买爆,520
2025-11-18,明天低开5个点抄底。,3854
2025-11-18,$九阳股份(SZ002242)$,3032
2025-11-18,还得是年轻登厉害,400
2025-11-18,这一波哈基米必胜,340
2025-11-18,$九阳股份(SZ002242)$,1814
2025-11-18,$九阳股份(SZ002242)$,2102
2025-11-18,九阳，九牧要8个板了,5313
2025-11-18,明天继续闷杀，今天游戏自救，散户跟风被套，明天继续闷杀下去,701
2025-11-18,什么时候回调，我要加仓,2439
2025-11-18,其实除了哈基米还有实丰的奶龙,430
2025-11-18,9元附近可以试试,3609
2025-11-18,股友8E7039w867,290
2025-11-18,20的行情，信不信由你，哈基米豆浆不会止步于两个板,60120
2025-11-18,明天反包涨停,541
2025-11-18,基民266U72t018,350
2025-11-18,“哈基米”带涨九阳股份？一场张冠李戴的资本狂欢,70401
2025-11-18,高松爱音,1401
2025-11-18,兄弟们，九阳股份是不是哈吉米不重要，你认为他是才重要,1516
2025-11-18,明天九阳神功涨停板，让这群哈基米高兴高兴。九阳豆浆机出来的豆浆就是好喝。,500
2025-11-18,感谢主力,2060
2025-11-18,剩下1手当手办,330
2025-11-18,freedommachine,270
2025-11-18,明天的走势大家怎么看,521
2025-11-18,九阳豆浆机好用，我家用了十年不过,501
2025-11-18,这玩意啥味，猫粑味？,2552
2025-11-18,让你们这帮涉世未深的哈吉米看看什么是庄！这就是你们的第一课,1564
2025-11-18,骨性彻底被激活了，激活后可不是一炮就阳委的，要大战三百回合才行,430
2025-11-18,美的都是70多，你才10多难道是潜力股,360
2025-11-18,基民TsnY02,290
2025-11-18,推出哈基米南北绿豆浆的九阳豆业九阳豆业最初是九阳股份的全资子公司，后来经多轮股权,540
2025-11-18,今天还不错啊，承接住了。只要不是低点卖高点买，都有得挣,380
2025-11-18,这两天走成这样，明天高开我先跑一半了,310
2025-11-18,先洗恐慌，再洗套牢，然后拉，估计明天开始涨停,490
2025-11-18,明天再洗一下开始，主力的胃口没这么小,260
2025-11-18,买定离手，就这点高度，折腾1年了，,390
2025-11-18,这就大意了，中午试盘，跟随大盘洗盘，现在无量去试，没抛压就上了？,601
2025-11-18,尾盘这个鬼样子我真要走了，还不如平到最后,330
2025-11-18,九阳神功，九阳神经病，赶紧疯狂起来,330
2025-11-18,多年没买这股了，现在还这尿性,260
2025-11-18,今天t的好能挣十个点，可惜了,310
2025-11-18,股友122RC97317,360
2025-11-18,股友122RC97317,380
2025-11-18,狙击手jack,2360
2025-11-18,九阳神功，加油哈尼宝贝,290
2025-11-18,要起飞了继续连板,270
2025-11-18,拉尾盘？？？,300
2025-11-18,明天一字开咋办,1124
2025-11-18,这位置没啥担心的，,330
2025-11-18,把家里所有九阳电器产品砸烂发泄心里的不满和痛苦,290
2025-11-18,今天t的大有问题，失误了,250
2025-11-18,股友2wDGtM,270
2025-11-18,拉红了哈基米！,280
2025-11-18,主力太狡猾最高点只值2个板,280
2025-11-18,拉尾盘非奸即盗,270
2025-11-18,完蛋了挂的12块卖出刚才一看持仓弄成12块买进了。。。。成本昨天减了三层仓做到7,701
2025-11-18,基民7X29089V68,220
2025-11-18,华夏幸福真幸福，九阳神功又不护体成功了,310
2025-11-18,请问这个股炒什么的？好像啥概念都没有,592
2025-11-18,亏一次可以拉一车电器，所有九阳电器都砸了,240
2025-11-18,根本不让散户挣钱，我己砸烂所有家里九阳电器产品,300
2025-11-18,股友36838w35a5,1194
2025-11-18,由申甲中9834,220
2025-11-18,像是公司有很大部分产品在弯弯销售吧。近期想涨回去怕是不容易。,290
2025-11-18,反正我装死谁便折腾,491
2025-11-18,这走势可以说一个字形容，烂,270
2025-11-18,买定离手，拿几个月看看,672
2025-11-18,股如初恋,2722
2025-11-18,九阳神功，东方不败,240
2025-11-18,主力肯定是亏损的了，这个位置不能进去接盘了,330
2025-11-18,昨天走的回来看看哈基米,461
2025-11-18,主力使劲咂咂,300
2025-11-18,现在天天想哈基米跌跌跌到时在来。,240
2025-11-18,股友i5YLFj,391
2025-11-18,武当山不动道长,260
2025-11-18,曼波我顶不住了吗,571
2025-11-18,主力搞了个哈基米的消息，结果是假的，难道主力不知道是假的吗，九阳跌了几年，跌出价,1515
2025-11-18,堆金高升地波风,592
2025-11-18,哈呀哈机米（∀）,290
2025-11-18,股友UbHTNJ,421
2025-11-18,主力玩散户，散户就是,1482
2025-11-18,$九阳股份(SZ002242)$,571
2025-11-18,涨的时候和跌的时候我都没买，但我在股吧收获了情绪价值,521
2025-11-18,哈基米，往日种种你都不记得了吗。,320
2025-11-18,哈基米哦南北绿豆，阿西嘎米酷米乃龙，众哈听令，前进！,1171
2025-11-18,又是6.66，看晕了,270
2025-11-18,比合金投资差太远了,351
2025-11-18,这换手率太低，远没有见顶,411
2025-11-18,昨天套牢盘太多，需要洗一下,984
2025-11-18,看来是曼波不起来了,280
2025-11-18,日出东方都涨起来，还是东方不败厉害九阳神功假货,411
2025-11-18,Fixer77777,432
2025-11-18,基民7X29089V68,260
2025-11-18,基民7X29089V68,290
2025-11-18,股友t2l6373602,713
2025-11-18,看这走势凶相毕露，明天收割开始,300
2025-11-18,这个主力真会套人,190
2025-11-18,现在好多出货的都想散户来接盘，己出新闻九阳有转移资产嫌疑,270
2025-11-18,又套一批追高的,260
2025-11-18,我猜的真准，昨天就说是洗盘，今天涨停也好，跌也好，都是洗盘，大盘这么差今天这样不,772
2025-11-18,俊逸出尘的谷南,260
2025-11-18,股友8gf6237778,280
2025-11-18,大家不要上当了喵:),290
2025-11-18,哈基米哈吉哈吉哈基米,280
2025-11-18,九阳神功给我豆浆机涨停板,401
2025-11-18,基民7X29089V68,270
2025-11-18,超密码，快让我进一手啊，我要去哈气了,42810
2025-11-18,大盘有点难堪，今天能稳住11.83就很不错了,290
2025-11-18,股友t2l6373602,1454
2025-11-18,曼波，下午会不会涨停,582
2025-11-18,给了机会，我还是选择加仓了,673
2025-11-18,基民7X29089V68,340
2025-11-18,曼波暗示慢牛，还有机会,360
2025-11-18,哈气哈上去了。,220
2025-11-18,这个股怎么跳涨,381
2025-11-18,狙击手jack,1080
2025-11-18,这回彻底洗干净了该轻装出发了吧我的乖乖,280
2025-11-18,股友m886006o82,320
2025-11-18,股友iE6iMt,320
2025-11-18,今天上午情绪直接被带崩了，核心原因还是监管施压，一天关两个小H屋，态度已经十分明,5291
2025-11-18,飘逸的朱衍慕,380
2025-11-18,股友iE6iMt,382
2025-11-18,估计调整到9元附近，游资已经跑光了！！没主力介入！吸引散户跟风,872
2025-11-18,集合竞价6800万，开盘一分钟主力入了6000千万，今天1.2亿资金被套，全天股,1483
2025-11-18,我命令你，11：30必须拉涨停，要不然，你就别想吃中午饭了,1555
2025-11-18,是反包一波流，还是调整后再创新高，我两种概率非常大，庄家不翻倍绝不收入，20个点,440
2025-11-18,九阳豆浆机用五年还好好的,291
2025-11-18,昨天就说了，今天有希望走修复，看来还是对了！,320
2025-11-18,好在昨天跌了，今天高标停牌，反而有资金进来低位人气票，今天能完整做上去涨停的话，,770
2025-11-18,Running111,52110
2025-11-18,股友207i938l85,3562
2025-11-18,还好早上格局了，冲高跑了一半,442
2025-11-18,九阳下午拉涨停吧……,321
2025-11-18,日九个柜子,290
2025-11-18,盘口不对，明天反包预期,8468
2025-11-18,这股不套人好股,493
2025-11-18,九阳神功，恐怖如斯,290
2025-11-18,吃伟哥，硬起来,240
2025-11-18,股市一哥6688,361
2025-11-18,冲，跟随大盘走势，投降第一概念股,522
2025-11-18,股友36838w35a5,1790
2025-11-18,白给的钱没要,451
2025-11-18,主力量化结束了，剩下小散自己玩，对倒完毕，明天低开低走,360
2025-11-18,砸又砸不下去，涨又涨不上去,1436
2025-11-18,这要是封住了，资金估计会疯狂涌入,542
2025-11-18,哈呀哈机密,310
2025-11-18,板块太拉垮了，要不然凭今天的气势肯定板，低位九阳不会亏，上次神州也是这么洗,420
2025-11-18,//@超短线飞刀妹2:有跟上飞刀的，平潭发展预计已经30个大鱼了，多氟多至少也是,660
2025-11-18,又套进来一批,280
2025-11-18,早盘吃了恐慌盘。这会又要把昨天进来的筹码拿回来，反复做T。gou桩,290
2025-11-18,量能不错，主力有继续做的迹象，就是一来一回收割了很多散户,571
2025-11-18,早上是想来的，但是华胜直接板了，估计ai会带动新行情,401
2025-11-18,每个时代都有自己的哈基米,210
2025-11-18,游资自救，不跟着跑又要套很久。哈基米南北绿豆,290
2025-11-18,到实体的一半也就差不多了，不要无脑追,280
2025-11-18,正因为今天情绪分歧，所以题材表现相当乱，主流的锂电池和海峡都出现不同程度的分歧，,5160
2025-11-18,炒股养乐队,22110
2025-11-18,股友m886006o82,270
2025-11-18,股友tG1vO8,280
2025-11-18,套住了，套住了，哈哈哈,250
2025-11-18,现在这个情况跟去年十月份的情况一样吗？你没看到三季报业绩在好转吗？我先认可你说的,2903
2025-11-18,怎么样？哈基米又回来了吧？昨天不是出货吧？ //@股友qNf8Ty :现在这个情,950
2025-11-18,什么股不会套人，只有龙头。那么很显然九阳就是龙头,270
2025-11-18,骗炮就减仓，不套人就行,210
2025-11-18,股友iHbEBi,311
2025-11-18,日出东方都八九点，九阳神功不比日出东方牛逼多呢，赶紧上涨停板，两岸海峡龙头。九阳,370
2025-11-18,集雨器丰川祥子,230
2025-11-18,哈基米冲啊！,260
2025-11-18,哈基米哟南北绿豆哟,1240
2025-11-18,股友09852A5P91,280
2025-11-18,我去，太韭菜了，咋整,2331
2025-11-18,早上核按钮了，没想到又涨回来了,240
2025-11-18,Fixer77777,270
2025-11-18,简直无法理解炒作的是什么逻辑，,310
2025-11-18,无敌了基米概念,310
2025-11-18,舒服，合富和平潭都被叫停，那不玩哈基米玩什么,300
2025-11-18,九阳神功，单挑六大派,441
2025-11-18,振兴华夏，必须九阳神功,290
2025-11-18,啥情况？,351
2025-11-18,抛盘还是大，哈基米们,280
2025-11-18,qsdfc14856,331
2025-11-18,股友V650z65552,270
2025-11-18,炒股就是提款机,341
2025-11-18,未雨_绸缪,321
2025-11-18,股友3220d3007G,220
2025-11-18,今天必涨停,250
2025-11-18,看看世界奥利给,270
2025-11-18,原来你是一只豹猫啊,290
2025-11-18,股友5096618FX3,210
2025-11-18,股友690P69o133,270
2025-11-18,我要是知道这么强，水下六个点就全仓了，又怕跌停,240
2025-11-18,小登加油！努力！我们会吃肉的~,250
2025-11-18,哈基米南北红喽,320
2025-11-18,bj1f1590,431
2025-11-18,中午吃肉了,320
2025-11-18,炒股养佳人,340
2025-11-18,炒股养佳人,220
2025-11-18,今天主力的诱空动作很成功，点赞。,220
2025-11-18,整个市场只有一家哈基米南北绿豆比贵州茅台还稀有下一个泡泡玛特,280
2025-11-18,是做反包吧，竞价就说了,250
2025-11-18,日出东方都八九点，九阳神功不比日出东方牛逼多呢，赶紧上涨停板，两岸海峡龙头，曾经,380
2025-11-18,太强了哈基米,270
2025-11-18,基民7X29089V68,230
2025-11-18,原来会九阳神功的是九牧王啊,270
2025-11-18,股友7362Z12u85,533666
2025-11-18,无限子弹无限加仓，越跌越买,290
2025-11-18,哈基米前几天赚两个涨停板，昨天结算赚16个点走了。,411
2025-11-18,快去九牧王，九连板确定了,310
2025-11-18,就这么几个人，别洗了,210
2025-11-18,基民7X29089V68,200
2025-11-18,这个股完全是被董秘害死的。。人家做豆腐的擦边算力，，涨了多少？？你是实打实的产品,3727
2025-11-18,主打新消费。90后，00后的奶茶经济。杯奶茶，一杯豆浆，就是00后的酒。独特的题,370
2025-11-18,一买就跌一卖就涨，没办法了,200
2025-11-18,这些老登们戾气有点重啊,803
2025-11-18,基民7X29089V68,180
2025-11-18,昨天都在说哈基米，实际上关系没有，第一天拉涨停板有可能没搞清楚状况，第二天一,770
2025-11-18,不到15不卖，宁愿套个50年,441
2025-11-18,基民7X29089V68,230
2025-11-18,股友f1K8516856,280
2025-11-18,不对劲又十分的不对劲,1595
2025-11-18,10.9进场。别墨迹。,44110
2025-11-18,明显无量拉高出货,230
2025-11-18,发不了图，一字进，昨天加仓，今天10.9加仓，相信哈基米,793
2025-11-18,哈哈哈，玩烂梗的小韭还能嘴硬吗无知无畏还爱咬人的下场,672
2025-11-18,哈个鸡毛，绿豆稀饭,240
2025-11-18,哈基米，冲鸭,250
2025-11-18,哈基米，我还哈喽kitty呢,340
2025-11-18,这种神经恶庄股真有人买啊，看看它去年10月怎么出货的吧,341
2025-11-18,集雨器丰川祥子,220
2025-11-18,今天涨停吗，加仓干还要跌四天吧,240
2025-11-18,股友t2l6373602,361
2025-11-18,错过牛市，好不容易被发现了，你们却说他是假的哈基米，它假不假我能不知道吗,360
2025-11-18,九阳神功护体，十倍大股,270
2025-11-18,富有满斗de裘千仞,250
2025-11-18,像极了当初的粤传媒,250
2025-11-18,九阳股份从昨天的分时图看，至少套了三波人，早上高开追进去的，还以为继续连班呢，结,1791
